Participant_ID,Block Number,Session Number,Trial Number,Stay_Probability(Colour),Stay_Probability(Texture),Stay_Probability(Shape),Slow_stim,Medium_stim,Fast_stim,Colour_stim,Texture_stim,Shape_stim,Choice Trial Index,Colour_distractor,Texture_distractor,Shape_distractor,Slow_distractor,Medium_distractor,Fast_distractor,Distractor_consistent_colour,Distractor_consistent_texture,Distractor_consistent_shape,Distractor_consistent_slow,Distractor_consistent_medium,Distractor_consistent_fast,Distractor_shares_colour,Distractor_shares_texture,Distractor_shares_shape,Distractor_shares_slow,Distractor_shares_medium,Distractor_shares_fast
31,1,1,1,0.3,0.1,0.5,6,1,3,1,3,6,,,,,,,,,,,,,,,,,,,
31,1,1,2,0.3,0.1,0.5,6,6,2,6,2,6,,,,,,,,,,,,,,,,,,,
31,1,1,3,0.3,0.1,0.5,6,6,1,6,1,6,,,,,,,,,,,,,,,,,,,
31,1,1,4,0.3,0.1,0.5,0,6,0,6,0,0,,,,,,,,,,,,,,,,,,,
31,1,1,5,0.3,0.1,0.5,0,4,1,4,1,0,,,,,,,,,,,,,,,,,,,
31,1,1,6,0.3,0.1,0.5,6,6,2,6,2,6,,,,,,,,,,,,,,,,,,,
31,1,1,7,0.3,0.1,0.5,6,0,1,0,1,6,,,,,,,,,,,,,,,,,,,
31,1,1,8,0.3,0.1,0.5,6,5,2,5,2,6,,,,,,,,,,,,,,,,,,,
31,1,1,9,0.3,0.1,0.5,6,5,6,5,6,6,,,,,,,,,,,,,,,,,,,
31,1,1,10,0.3,0.1,0.5,0,5,4,5,4,0,,,,,,,,,,,,,,,,,,,
31,1,1,11,0.3,0.1,0.5,0,5,4,5,4,0,,,,,,,,,,,,,,,,,,,
31,1,1,12,0.3,0.1,0.5,5,6,3,6,3,5,,,,,,,,,,,,,,,,,,,
31,1,1,13,0.3,0.1,0.5,5,6,2,6,2,5,,,,,,,,,,,,,,,,,,,
31,1,1,14,0.3,0.1,0.5,6,1,6,1,6,6,1,6,1,2,2,6,1,1,1,1,1,1,1,0,0,0,0,0,0
31,1,1,15,0.3,0.1,0.5,4,6,2,6,2,4,,,,,,,,,,,,,,,,,,,
31,1,1,16,0.3,0.1,0.5,5,0,2,0,2,5,,,,,,,,,,,,,,,,,,,
31,1,1,17,0.3,0.1,0.5,6,5,6,5,6,6,,,,,,,,,,,,,,,,,,,
31,1,1,18,0.3,0.1,0.5,6,5,3,5,3,6,,,,,,,,,,,,,,,,,,,
31,1,1,19,0.3,0.1,0.5,2,5,2,5,2,2,,,,,,,,,,,,,,,,,,,
31,1,1,20,0.3,0.1,0.5,6,4,1,4,1,6,,,,,,,,,,,,,,,,,,,
31,1,1,21,0.3,0.1,0.5,2,5,6,5,6,2,,,,,,,,,,,,,,,,,,,
31,1,1,22,0.3,0.1,0.5,6,5,4,5,4,6,,,,,,,,,,,,,,,,,,,
31,1,1,23,0.3,0.1,0.5,5,5,3,5,3,5,,,,,,,,,,,,,,,,,,,
31,1,1,24,0.3,0.1,0.5,6,4,3,4,3,6,2,6,6,6,6,6,6,1,1,1,1,1,1,0,0,1,1,0,0
31,1,1,25,0.3,0.1,0.5,6,5,3,5,3,6,,,,,,,,,,,,,,,,,,,
31,1,1,26,0.3,0.1,0.5,6,0,2,0,2,6,,,,,,,,,,,,,,,,,,,
31,1,1,27,0.3,0.1,0.5,6,5,6,5,6,6,,,,,,,,,,,,,,,,,,,
31,1,1,28,0.3,0.1,0.5,6,6,3,6,3,6,,,,,,,,,,,,,,,,,,,
31,1,1,29,0.3,0.1,0.5,6,1,2,1,2,6,,,,,,,,,,,,,,,,,,,
31,1,1,30,0.3,0.1,0.5,6,6,2,6,2,6,,,,,,,,,,,,,,,,,,,
31,1,1,31,0.3,0.1,0.5,4,6,6,6,6,4,,,,,,,,,,,,,,,,,,,
31,1,1,32,0.3,0.1,0.5,5,0,2,0,2,5,,,,,,,,,,,,,,,,,,,
31,1,1,33,0.3,0.1,0.5,5,0,1,0,1,5,3,4,1,5,5,4,1,0,1,1,1,0,1,0,1,1,1,0,1
31,1,1,34,0.3,0.1,0.5,6,5,1,5,1,6,,,,,,,,,,,,,,,,,,,
31,1,1,35,0.3,0.1,0.5,1,5,6,5,6,1,,,,,,,,,,,,,,,,,,,
31,1,1,36,0.3,0.1,0.5,1,6,6,6,6,1,,,,,,,,,,,,,,,,,,,
31,1,1,37,0.3,0.1,0.5,1,1,4,1,4,1,,,,,,,,,,,,,,,,,,,
31,1,1,38,0.3,0.1,0.5,1,2,5,2,5,1,,,,,,,,,,,,,,,,,,,
31,1,1,39,0.3,0.1,0.5,6,3,6,3,6,6,,,,,,,,,,,,,,,,,,,
31,1,1,40,0.3,0.1,0.5,6,3,4,3,4,6,,,,,,,,,,,,,,,,,,,
31,1,1,41,0.3,0.1,0.5,6,3,5,3,5,6,,,,,,,,,,,,,,,,,,,
31,1,1,42,0.3,0.1,0.5,6,3,6,3,6,6,,,,,,,,,,,,,,,,,,,
31,1,1,43,0.3,0.1,0.5,3,4,5,4,5,3,,,,,,,,,,,,,,,,,,,
31,1,1,44,0.3,0.1,0.5,6,5,4,5,4,6,4,2,4,3,3,2,4,0,1,1,1,0,1,0,1,0,0,0,1
31,1,1,45,0.3,0.1,0.5,6,6,5,6,5,6,,,,,,,,,,,,,,,,,,,
31,1,1,46,0.3,0.1,0.5,6,1,6,1,6,6,,,,,,,,,,,,,,,,,,,
31,1,1,47,0.3,0.1,0.5,3,1,0,1,0,3,,,,,,,,,,,,,,,,,,,
31,1,1,48,0.3,0.1,0.5,3,2,6,2,6,3,,,,,,,,,,,,,,,,,,,
31,1,1,49,0.3,0.1,0.5,4,6,3,6,3,4,,,,,,,,,,,,,,,,,,,
31,1,1,50,0.3,0.1,0.5,6,6,6,6,6,6,,,,,,,,,,,,,,,,,,,
31,1,1,51,0.3,0.1,0.5,6,6,1,6,1,6,5,2,6,2,2,2,6,1,1,1,1,1,1,0,0,0,0,0,0
31,1,1,52,0.3,0.1,0.5,6,4,0,4,0,6,,,,,,,,,,,,,,,,,,,
31,1,1,53,0.3,0.1,0.5,3,5,6,5,6,3,,,,,,,,,,,,,,,,,,,
31,1,1,54,0.3,0.1,0.5,6,4,1,4,1,6,,,,,,,,,,,,,,,,,,,
31,1,1,55,0.3,0.1,0.5,6,6,0,6,0,6,,,,,,,,,,,,,,,,,,,
31,1,1,56,0.3,0.1,0.5,5,6,1,6,1,5,,,,,,,,,,,,,,,,,,,
31,1,1,57,0.3,0.1,0.5,5,1,6,1,6,5,,,,,,,,,,,,,,,,,,,
31,1,1,58,0.3,0.1,0.5,6,6,6,6,6,6,,,,,,,,,,,,,,,,,,,
31,1,1,59,0.3,0.1,0.5,5,0,6,0,6,5,,,,,,,,,,,,,,,,,,,
31,1,1,60,0.3,0.1,0.5,6,0,0,0,0,6,,,,,,,,,,,,,,,,,,,
31,1,1,61,0.3,0.1,0.5,2,6,5,6,5,2,6,4,1,2,2,4,1,1,0,1,1,1,0,0,0,1,1,0,0
31,1,1,62,0.3,0.1,0.5,3,6,0,6,0,3,,,,,,,,,,,,,,,,,,,
31,1,1,63,0.3,0.1,0.5,6,2,1,2,1,6,,,,,,,,,,,,,,,,,,,
31,1,1,64,0.3,0.1,0.5,5,3,0,3,0,5,,,,,,,,,,,,,,,,,,,
31,1,1,65,0.3,0.1,0.5,6,2,6,2,6,6,,,,,,,,,,,,,,,,,,,
31,1,1,66,0.3,0.1,0.5,6,2,3,2,3,6,,,,,,,,,,,,,,,,,,,
31,1,1,67,0.3,0.1,0.5,4,2,2,2,2,4,,,,,,,,,,,,,,,,,,,
31,1,1,68,0.3,0.1,0.5,6,3,2,3,2,6,,,,,,,,,,,,,,,,,,,
31,1,1,69,0.3,0.1,0.5,4,3,6,3,6,4,,,,,,,,,,,,,,,,,,,
31,1,1,70,0.3,0.1,0.5,5,3,3,3,3,5,,,,,,,,,,,,,,,,,,,
31,1,1,71,0.3,0.1,0.5,5,3,2,3,2,5,,,,,,,,,,,,,,,,,,,
31,1,1,72,0.3,0.1,0.5,6,4,6,4,6,6,,,,,,,,,,,,,,,,,,,
31,1,1,73,0.3,0.1,0.5,6,4,4,4,4,6,,,,,,,,,,,,,,,,,,,
31,1,1,74,0.3,0.1,0.5,6,4,3,4,3,6,,,,,,,,,,,,,,,,,,,
31,1,1,75,0.3,0.1,0.5,5,6,3,6,3,5,7,3,2,3,3,3,2,1,1,0,0,1,1,0,0,0,0,0,0
31,1,1,76,0.3,0.1,0.5,6,1,2,1,2,6,,,,,,,,,,,,,,,,,,,
31,1,1,77,0.3,0.1,0.5,4,6,1,6,1,4,,,,,,,,,,,,,,,,,,,
31,1,1,78,0.3,0.1,0.5,4,5,1,5,1,4,,,,,,,,,,,,,,,,,,,
31,1,1,79,0.3,0.1,0.5,4,6,2,6,2,4,,,,,,,,,,,,,,,,,,,
31,1,1,80,0.3,0.1,0.5,4,6,1,6,1,4,,,,,,,,,,,,,,,,,,,
31,1,1,81,0.3,0.1,0.5,4,4,1,4,1,4,,,,,,,,,,,,,,,,,,,
31,1,1,82,0.3,0.1,0.5,5,6,6,6,6,5,,,,,,,,,,,,,,,,,,,
31,1,1,83,0.3,0.1,0.5,5,0,3,0,3,5,8,1,1,1,1,1,1,1,0,0,0,1,0,0,0,0,0,0,0
31,1,1,84,0.3,0.1,0.5,5,5,4,5,4,5,,,,,,,,,,,,,,,,,,,
31,1,1,85,0.3,0.1,0.5,4,4,6,4,6,4,,,,,,,,,,,,,,,,,,,
31,1,1,86,0.3,0.1,0.5,6,5,2,5,2,6,,,,,,,,,,,,,,,,,,,
31,1,1,87,0.3,0.1,0.5,2,5,1,5,1,2,,,,,,,,,,,,,,,,,,,
31,1,1,88,0.3,0.1,0.5,3,0,6,0,6,3,,,,,,,,,,,,,,,,,,,
31,1,1,89,0.3,0.1,0.5,6,5,0,5,0,6,,,,,,,,,,,,,,,,,,,
31,1,1,90,0.3,0.1,0.5,3,6,6,6,6,3,,,,,,,,,,,,,,,,,,,
31,1,1,91,0.3,0.1,0.5,6,6,2,6,2,6,,,,,,,,,,,,,,,,,,,
31,1,1,92,0.3,0.1,0.5,6,3,3,3,3,6,,,,,,,,,,,,,,,,,,,
31,1,1,93,0.3,0.1,0.5,6,6,6,6,6,6,,,,,,,,,,,,,,,,,,,
31,1,1,94,0.3,0.1,0.5,0,3,3,3,3,0,9,2,3,3,3,2,3,1,1,0,0,1,1,0,1,0,0,0,1
31,1,1,95,0.3,0.1,0.5,0,3,6,3,6,0,,,,,,,,,,,,,,,,,,,
31,1,1,96,0.3,0.1,0.5,6,4,3,4,3,6,,,,,,,,,,,,,,,,,,,
31,1,1,97,0.3,0.1,0.5,3,4,6,4,6,3,,,,,,,,,,,,,,,,,,,
31,1,1,98,0.3,0.1,0.5,3,5,4,5,4,3,,,,,,,,,,,,,,,,,,,
31,1,1,99,0.3,0.1,0.5,3,6,4,6,4,3,,,,,,,,,,,,,,,,,,,
31,1,1,100,0.3,0.1,0.5,4,0,5,0,5,4,,,,,,,,,,,,,,,,,,,
31,1,1,101,0.3,0.1,0.5,4,0,6,0,6,4,,,,,,,,,,,,,,,,,,,
31,1,1,102,0.3,0.1,0.5,5,5,1,5,1,5,,,,,,,,,,,,,,,,,,,
31,1,1,103,0.3,0.1,0.5,5,0,0,0,0,5,,,,,,,,,,,,,,,,,,,
31,1,1,104,0.3,0.1,0.5,5,5,6,5,6,5,,,,,,,,,,,,,,,,,,,
31,1,1,105,0.3,0.1,0.5,5,0,3,0,3,5,10,4,2,5,5,4,2,0,1,1,1,0,1,0,0,1,1,0,0
31,1,1,106,0.3,0.1,0.5,6,5,6,5,6,6,,,,,,,,,,,,,,,,,,,
31,1,1,107,0.3,0.1,0.5,6,5,0,5,0,6,,,,,,,,,,,,,,,,,,,
31,1,1,108,0.3,0.1,0.5,6,5,1,5,1,6,,,,,,,,,,,,,,,,,,,
31,1,1,109,0.3,0.1,0.5,0,4,1,4,1,0,,,,,,,,,,,,,,,,,,,
31,1,1,110,0.3,0.1,0.5,0,4,2,4,2,0,,,,,,,,,,,,,,,,,,,
31,1,1,111,0.3,0.1,0.5,0,6,3,6,3,0,,,,,,,,,,,,,,,,,,,
31,1,1,112,0.3,0.1,0.5,0,2,2,2,2,0,,,,,,,,,,,,,,,,,,,
31,1,1,113,0.3,0.1,0.5,0,1,3,1,3,0,11,4,0,6,6,4,0,0,0,1,1,0,0,0,0,0,0,0,0
31,1,1,114,0.3,0.1,0.5,0,0,2,0,2,0,,,,,,,,,,,,,,,,,,,
31,1,1,115,0.3,0.1,0.5,0,0,3,0,3,0,,,,,,,,,,,,,,,,,,,
31,1,1,116,0.3,0.1,0.5,0,5,4,5,4,0,,,,,,,,,,,,,,,,,,,
31,1,1,117,0.3,0.1,0.5,6,4,4,4,4,6,,,,,,,,,,,,,,,,,,,
31,1,1,118,0.3,0.1,0.5,6,6,5,6,5,6,,,,,,,,,,,,,,,,,,,
31,1,1,119,0.3,0.1,0.5,6,5,0,5,0,6,,,,,,,,,,,,,,,,,,,
31,1,1,120,0.3,0.1,0.5,5,5,1,5,1,5,,,,,,,,,,,,,,,,,,,
31,1,1,121,0.3,0.1,0.5,5,4,0,4,0,5,,,,,,,,,,,,,,,,,,,
31,1,1,122,0.3,0.1,0.5,4,4,0,4,0,4,,,,,,,,,,,,,,,,,,,
31,1,1,123,0.3,0.1,0.5,6,5,6,5,6,6,,,,,,,,,,,,,,,,,,,
31,1,1,124,0.3,0.1,0.5,0,4,2,4,2,0,,,,,,,,,,,,,,,,,,,
31,1,1,125,0.3,0.1,0.5,0,5,1,5,1,0,,,,,,,,,,,,,,,,,,,
31,1,1,126,0.3,0.1,0.5,0,5,2,5,2,0,12,3,5,1,1,3,5,0,0,1,1,0,0,0,0,0,0,0,0
31,1,1,127,0.3,0.1,0.5,0,5,1,5,1,0,,,,,,,,,,,,,,,,,,,
31,1,1,128,0.3,0.1,0.5,0,4,2,4,2,0,,,,,,,,,,,,,,,,,,,
31,1,1,129,0.3,0.1,0.5,0,6,1,6,1,0,,,,,,,,,,,,,,,,,,,
31,1,1,130,0.3,0.1,0.5,6,6,2,6,2,6,,,,,,,,,,,,,,,,,,,
31,1,1,131,0.3,0.1,0.5,3,1,6,1,6,3,,,,,,,,,,,,,,,,,,,
31,1,1,132,0.3,0.1,0.5,4,2,6,2,6,4,,,,,,,,,,,,,,,,,,,
31,1,1,133,0.3,0.1,0.5,4,3,2,3,2,4,13,6,0,6,6,6,0,1,0,1,1,1,0,0,0,0,0,0,0
31,1,1,134,0.3,0.1,0.5,4,3,1,3,1,4,,,,,,,,,,,,,,,,,,,
31,1,1,135,0.3,0.1,0.5,4,3,2,3,2,4,,,,,,,,,,,,,,,,,,,
31,1,1,136,0.3,0.1,0.5,6,3,2,3,2,6,,,,,,,,,,,,,,,,,,,
31,1,1,137,0.3,0.1,0.5,1,3,1,3,1,1,,,,,,,,,,,,,,,,,,,
31,1,1,138,0.3,0.1,0.5,1,4,1,4,1,1,,,,,,,,,,,,,,,,,,,
31,1,1,139,0.3,0.1,0.5,1,3,6,3,6,1,,,,,,,,,,,,,,,,,,,
31,1,1,140,0.3,0.1,0.5,6,3,5,3,5,6,,,,,,,,,,,,,,,,,,,
31,1,1,141,0.3,0.1,0.5,4,6,0,6,0,4,14,2,2,5,5,2,2,1,0,1,1,1,0,0,0,0,0,0,0
31,1,1,142,0.3,0.1,0.5,5,6,5,6,5,5,,,,,,,,,,,,,,,,,,,
31,1,1,143,0.3,0.1,0.5,4,3,0,3,0,4,,,,,,,,,,,,,,,,,,,
31,1,1,144,0.3,0.1,0.5,6,4,1,4,1,6,,,,,,,,,,,,,,,,,,,
31,1,1,145,0.3,0.1,0.5,5,5,2,5,2,5,,,,,,,,,,,,,,,,,,,
31,1,1,146,0.3,0.1,0.5,6,5,1,5,1,6,,,,,,,,,,,,,,,,,,,
31,1,1,147,0.3,0.1,0.5,6,6,6,6,6,6,,,,,,,,,,,,,,,,,,,
31,1,1,148,0.3,0.1,0.5,5,3,5,3,5,5,,,,,,,,,,,,,,,,,,,
31,1,1,149,0.3,0.1,0.5,5,3,0,3,0,5,,,,,,,,,,,,,,,,,,,
31,1,1,150,0.3,0.1,0.5,6,4,1,4,1,6,,,,,,,,,,,,,,,,,,,
31,1,1,151,0.3,0.1,0.5,1,5,0,5,0,1,15,1,2,3,3,1,2,0,0,0,0,0,0,0,0,0,0,0,0
31,1,1,152,0.3,0.1,0.5,1,6,1,6,1,1,,,,,,,,,,,,,,,,,,,
31,1,1,153,0.3,0.1,0.5,1,6,2,6,2,1,,,,,,,,,,,,,,,,,,,
31,1,1,154,0.3,0.1,0.5,1,3,1,3,1,1,,,,,,,,,,,,,,,,,,,
31,1,1,155,0.3,0.1,0.5,1,6,1,6,1,1,,,,,,,,,,,,,,,,,,,
31,1,1,156,0.3,0.1,0.5,1,1,2,1,2,1,,,,,,,,,,,,,,,,,,,
31,1,1,157,0.3,0.1,0.5,6,2,1,2,1,6,,,,,,,,,,,,,,,,,,,
31,1,1,158,0.3,0.1,0.5,6,6,2,6,2,6,,,,,,,,,,,,,,,,,,,
31,1,1,159,0.3,0.1,0.5,6,6,6,6,6,6,,,,,,,,,,,,,,,,,,,
31,1,1,160,0.3,0.1,0.5,6,6,3,6,3,6,,,,,,,,,,,,,,,,,,,
31,1,1,161,0.3,0.1,0.5,0,6,4,6,4,0,16,0,6,5,5,0,6,1,1,1,1,1,1,0,0,0,0,0,0
31,1,1,162,0.3,0.1,0.5,5,3,5,3,5,5,,,,,,,,,,,,,,,,,,,
31,1,1,163,0.3,0.1,0.5,5,4,6,4,6,5,,,,,,,,,,,,,,,,,,,
31,1,1,164,0.3,0.1,0.5,6,6,6,6,6,6,,,,,,,,,,,,,,,,,,,
31,1,1,165,0.3,0.1,0.5,0,2,0,2,0,0,,,,,,,,,,,,,,,,,,,
31,1,1,166,0.3,0.1,0.5,6,6,1,6,1,6,,,,,,,,,,,,,,,,,,,
31,1,1,167,0.3,0.1,0.5,6,2,1,2,1,6,,,,,,,,,,,,,,,,,,,
31,1,1,168,0.3,0.1,0.5,6,3,2,3,2,6,,,,,,,,,,,,,,,,,,,
31,1,1,169,0.3,0.1,0.5,3,2,6,2,6,3,,,,,,,,,,,,,,,,,,,
31,1,1,170,0.3,0.1,0.5,3,3,4,3,4,3,,,,,,,,,,,,,,,,,,,
31,1,1,171,0.3,0.1,0.5,6,3,5,3,5,6,,,,,,,,,,,,,,,,,,,
31,1,1,172,0.3,0.1,0.5,6,3,0,3,0,6,,,,,,,,,,,,,,,,,,,
31,1,1,173,0.3,0.1,0.5,6,4,0,4,0,6,17,5,0,5,5,5,0,1,1,1,1,1,1,0,1,0,0,0,1
31,1,1,174,0.3,0.1,0.5,5,6,6,6,6,5,,,,,,,,,,,,,,,,,,,
31,1,1,175,0.3,0.1,0.5,6,0,5,0,5,6,,,,,,,,,,,,,,,,,,,
31,1,1,176,0.3,0.1,0.5,6,0,4,0,4,6,,,,,,,,,,,,,,,,,,,
31,1,1,177,0.3,0.1,0.5,6,5,3,5,3,6,,,,,,,,,,,,,,,,,,,
31,1,1,178,0.3,0.1,0.5,6,5,6,5,6,6,,,,,,,,,,,,,,,,,,,
31,1,1,179,0.3,0.1,0.5,5,6,5,6,5,5,,,,,,,,,,,,,,,,,,,
31,1,1,180,0.3,0.1,0.5,4,2,0,2,0,4,,,,,,,,,,,,,,,,,,,
31,1,1,181,0.3,0.1,0.5,4,6,1,6,1,4,,,,,,,,,,,,,,,,,,,
31,1,1,182,0.3,0.1,0.5,4,4,0,4,0,4,,,,,,,,,,,,,,,,,,,
31,1,1,183,0.3,0.1,0.5,4,4,5,4,5,4,18,3,0,3,3,3,0,1,1,1,1,1,1,0,0,0,0,0,0
31,1,1,184,0.3,0.1,0.5,4,4,0,4,0,4,,,,,,,,,,,,,,,,,,,
31,1,1,185,0.3,0.1,0.5,4,5,6,5,6,4,,,,,,,,,,,,,,,,,,,
31,1,1,186,0.3,0.1,0.5,4,4,6,4,6,4,,,,,,,,,,,,,,,,,,,
31,1,1,187,0.3,0.1,0.5,6,6,0,6,0,6,,,,,,,,,,,,,,,,,,,
31,1,1,188,0.3,0.1,0.5,6,5,1,5,1,6,,,,,,,,,,,,,,,,,,,
31,1,1,189,0.3,0.1,0.5,0,6,6,6,6,0,,,,,,,,,,,,,,,,,,,
31,1,1,190,0.3,0.1,0.5,0,6,3,6,3,0,,,,,,,,,,,,,,,,,,,
31,1,1,191,0.3,0.1,0.5,0,3,6,3,6,0,,,,,,,,,,,,,,,,,,,
31,1,1,192,0.3,0.1,0.5,0,2,2,2,2,0,,,,,,,,,,,,,,,,,,,
31,1,1,193,0.3,0.1,0.5,0,3,6,3,6,0,,,,,,,,,,,,,,,,,,,
31,1,1,194,0.3,0.1,0.5,6,2,3,2,3,6,,,,,,,,,,,,,,,,,,,
31,1,1,195,0.3,0.1,0.5,6,3,6,3,6,6,,,,,,,,,,,,,,,,,,,
31,1,1,196,0.3,0.1,0.5,6,2,4,2,4,6,,,,,,,,,,,,,,,,,,,
31,1,1,197,0.3,0.1,0.5,6,6,6,6,6,6,,,,,,,,,,,,,,,,,,,
31,1,1,198,0.3,0.1,0.5,6,2,2,2,2,6,,,,,,,,,,,,,,,,,,,
31,1,1,199,0.3,0.1,0.5,1,6,6,6,6,1,,,,,,,,,,,,,,,,,,,
31,1,1,200,0.3,0.1,0.5,6,5,0,5,0,6,,,,,,,,,,,,,,,,,,,
31,2,1,1,0.3,0.1,0.5,2,0,5,0,5,2,,,,,,,,,,,,,,,,,,,
31,2,1,2,0.3,0.1,0.5,2,5,4,5,4,2,,,,,,,,,,,,,,,,,,,
31,2,1,3,0.3,0.1,0.5,2,4,5,4,5,2,,,,,,,,,,,,,,,,,,,
31,2,1,4,0.3,0.1,0.5,2,6,5,6,5,2,,,,,,,,,,,,,,,,,,,
31,2,1,5,0.3,0.1,0.5,2,5,0,5,0,2,,,,,,,,,,,,,,,,,,,
31,2,1,6,0.3,0.1,0.5,3,5,6,5,6,3,,,,,,,,,,,,,,,,,,,
31,2,1,7,0.3,0.1,0.5,3,6,1,6,1,3,,,,,,,,,,,,,,,,,,,
31,2,1,8,0.3,0.1,0.5,4,4,1,4,1,4,,,,,,,,,,,,,,,,,,,
31,2,1,9,0.3,0.1,0.5,6,3,2,3,2,6,,,,,,,,,,,,,,,,,,,
31,2,1,10,0.3,0.1,0.5,6,6,2,6,2,6,,,,,,,,,,,,,,,,,,,
31,2,1,11,0.3,0.1,0.5,1,0,3,0,3,1,,,,,,,,,,,,,,,,,,,
31,2,1,12,0.3,0.1,0.5,2,5,6,5,6,2,,,,,,,,,,,,,,,,,,,
31,2,1,13,0.3,0.1,0.5,6,5,4,5,4,6,,,,,,,,,,,,,,,,,,,
31,2,1,14,0.3,0.1,0.5,6,6,3,6,3,6,,,,,,,,,,,,,,,,,,,
31,2,1,15,0.3,0.1,0.5,0,6,2,6,2,0,,,,,,,,,,,,,,,,,,,
31,2,1,16,0.3,0.1,0.5,0,6,1,6,1,0,1,2,2,4,4,2,2,1,1,0,0,1,1,0,0,0,0,0,0
31,2,1,17,0.3,0.1,0.5,5,2,0,2,0,5,,,,,,,,,,,,,,,,,,,
31,2,1,18,0.3,0.1,0.5,5,6,5,6,5,5,,,,,,,,,,,,,,,,,,,
31,2,1,19,0.3,0.1,0.5,5,0,6,0,6,5,,,,,,,,,,,,,,,,,,,
31,2,1,20,0.3,0.1,0.5,6,6,2,6,2,6,,,,,,,,,,,,,,,,,,,
31,2,1,21,0.3,0.1,0.5,5,2,2,2,2,5,,,,,,,,,,,,,,,,,,,
31,2,1,22,0.3,0.1,0.5,5,6,1,6,1,5,,,,,,,,,,,,,,,,,,,
31,2,1,23,0.3,0.1,0.5,4,4,6,4,6,4,,,,,,,,,,,,,,,,,,,
31,2,1,24,0.3,0.1,0.5,4,4,0,4,0,4,,,,,,,,,,,,,,,,,,,
31,2,1,25,0.3,0.1,0.5,4,4,0,4,0,4,,,,,,,,,,,,,,,,,,,
31,2,1,26,0.3,0.1,0.5,4,6,1,6,1,4,2,3,5,1,1,3,5,1,0,0,0,1,0,0,0,0,0,0,0
31,2,1,27,0.3,0.1,0.5,6,6,1,6,1,6,,,,,,,,,,,,,,,,,,,
31,2,1,28,0.3,0.1,0.5,2,2,1,2,1,2,,,,,,,,,,,,,,,,,,,
31,2,1,29,0.3,0.1,0.5,2,3,2,3,2,2,,,,,,,,,,,,,,,,,,,
31,2,1,30,0.3,0.1,0.5,2,4,6,4,6,2,,,,,,,,,,,,,,,,,,,
31,2,1,31,0.3,0.1,0.5,3,4,3,4,3,3,,,,,,,,,,,,,,,,,,,
31,2,1,32,0.3,0.1,0.5,6,5,6,5,6,6,,,,,,,,,,,,,,,,,,,
31,2,1,33,0.3,0.1,0.5,0,6,5,6,5,0,3,2,5,2,2,2,5,1,1,0,0,1,1,0,1,0,0,0,1
31,2,1,34,0.3,0.1,0.5,0,6,4,6,4,0,,,,,,,,,,,,,,,,,,,
31,2,1,35,0.3,0.1,0.5,0,5,5,5,5,0,,,,,,,,,,,,,,,,,,,
31,2,1,36,0.3,0.1,0.5,6,0,4,0,4,6,,,,,,,,,,,,,,,,,,,
31,2,1,37,0.3,0.1,0.5,6,0,3,0,3,6,,,,,,,,,,,,,,,,,,,
31,2,1,38,0.3,0.1,0.5,5,5,4,5,4,5,,,,,,,,,,,,,,,,,,,
31,2,1,39,0.3,0.1,0.5,6,5,6,5,6,6,,,,,,,,,,,,,,,,,,,
31,2,1,40,0.3,0.1,0.5,2,4,6,4,6,2,,,,,,,,,,,,,,,,,,,
31,2,1,41,0.3,0.1,0.5,2,6,5,6,5,2,,,,,,,,,,,,,,,,,,,
31,2,1,42,0.3,0.1,0.5,6,2,6,2,6,6,,,,,,,,,,,,,,,,,,,
31,2,1,43,0.3,0.1,0.5,4,6,3,6,3,4,,,,,,,,,,,,,,,,,,,
31,2,1,44,0.3,0.1,0.5,4,4,4,4,4,4,,,,,,,,,,,,,,,,,,,
31,2,1,45,0.3,0.1,0.5,4,3,3,3,3,4,,,,,,,,,,,,,,,,,,,
31,2,1,46,0.3,0.1,0.5,4,6,2,6,2,4,4,1,0,3,3,1,0,1,0,1,1,1,0,0,0,0,0,0,0
31,2,1,47,0.3,0.1,0.5,5,6,1,6,1,5,,,,,,,,,,,,,,,,,,,
31,2,1,48,0.3,0.1,0.5,5,3,2,3,2,5,,,,,,,,,,,,,,,,,,,
31,2,1,49,0.3,0.1,0.5,6,6,1,6,1,6,,,,,,,,,,,,,,,,,,,
31,2,1,50,0.3,0.1,0.5,6,2,6,2,6,6,,,,,,,,,,,,,,,,,,,
31,2,1,51,0.3,0.1,0.5,6,3,5,3,5,6,,,,,,,,,,,,,,,,,,,
31,2,1,52,0.3,0.1,0.5,1,3,0,3,0,1,,,,,,,,,,,,,,,,,,,
31,2,1,53,0.3,0.1,0.5,6,3,5,3,5,6,,,,,,,,,,,,,,,,,,,
31,2,1,54,0.3,0.1,0.5,0,4,0,4,0,0,5,1,5,6,6,1,5,0,1,1,1,0,1,0,0,0,0,0,0
31,2,1,55,0.3,0.1,0.5,0,6,0,6,0,0,,,,,,,,,,,,,,,,,,,
31,2,1,56,0.3,0.1,0.5,5,1,1,1,1,5,,,,,,,,,,,,,,,,,,,
31,2,1,57,0.3,0.1,0.5,5,1,1,1,1,5,,,,,,,,,,,,,,,,,,,
31,2,1,58,0.3,0.1,0.5,5,1,6,1,6,5,,,,,,,,,,,,,,,,,,,
31,2,1,59,0.3,0.1,0.5,5,2,6,2,6,5,,,,,,,,,,,,,,,,,,,
31,2,1,60,0.3,0.1,0.5,6,2,0,2,0,6,,,,,,,,,,,,,,,,,,,
31,2,1,61,0.3,0.1,0.5,5,1,5,1,5,5,,,,,,,,,,,,,,,,,,,
31,2,1,62,0.3,0.1,0.5,6,1,5,1,5,6,,,,,,,,,,,,,,,,,,,
31,2,1,63,0.3,0.1,0.5,3,1,4,1,4,3,,,,,,,,,,,,,,,,,,,
31,2,1,64,0.3,0.1,0.5,3,1,6,1,6,3,6,5,6,0,0,5,6,0,1,0,0,0,1,0,1,0,0,0,1
31,2,1,65,0.3,0.1,0.5,3,1,2,1,2,3,,,,,,,,,,,,,,,,,,,
31,2,1,66,0.3,0.1,0.5,3,6,6,6,6,3,,,,,,,,,,,,,,,,,,,
31,2,1,67,0.3,0.1,0.5,3,3,3,3,3,3,,,,,,,,,,,,,,,,,,,
31,2,1,68,0.3,0.1,0.5,3,4,4,4,4,3,,,,,,,,,,,,,,,,,,,
31,2,1,69,0.3,0.1,0.5,6,3,6,3,6,6,,,,,,,,,,,,,,,,,,,
31,2,1,70,0.3,0.1,0.5,5,4,5,4,5,5,,,,,,,,,,,,,,,,,,,
31,2,1,71,0.3,0.1,0.5,5,6,6,6,6,5,,,,,,,,,,,,,,,,,,,
31,2,1,72,0.3,0.1,0.5,5,6,0,6,0,5,,,,,,,,,,,,,,,,,,,
31,2,1,73,0.3,0.1,0.5,6,6,6,6,6,6,,,,,,,,,,,,,,,,,,,
31,2,1,74,0.3,0.1,0.5,4,6,5,6,5,4,7,2,1,0,0,2,1,1,0,0,0,1,0,0,0,0,0,0,0
31,2,1,75,0.3,0.1,0.5,4,3,4,3,4,4,,,,,,,,,,,,,,,,,,,
31,2,1,76,0.3,0.1,0.5,6,3,6,3,6,6,,,,,,,,,,,,,,,,,,,
31,2,1,77,0.3,0.1,0.5,6,6,3,6,3,6,,,,,,,,,,,,,,,,,,,
31,2,1,78,0.3,0.1,0.5,5,1,6,1,6,5,,,,,,,,,,,,,,,,,,,
31,2,1,79,0.3,0.1,0.5,5,2,4,2,4,5,,,,,,,,,,,,,,,,,,,
31,2,1,80,0.3,0.1,0.5,5,2,3,2,3,5,,,,,,,,,,,,,,,,,,,
31,2,1,81,0.3,0.1,0.5,4,2,4,2,4,4,,,,,,,,,,,,,,,,,,,
31,2,1,82,0.3,0.1,0.5,4,3,3,3,3,4,8,6,6,3,3,6,6,1,1,1,1,1,1,0,0,0,0,0,0
31,2,1,83,0.3,0.1,0.5,6,4,4,4,4,6,,,,,,,,,,,,,,,,,,,
31,2,1,84,0.3,0.1,0.5,6,4,6,4,6,6,,,,,,,,,,,,,,,,,,,
31,2,1,85,0.3,0.1,0.5,5,5,4,5,4,5,,,,,,,,,,,,,,,,,,,
31,2,1,86,0.3,0.1,0.5,5,4,4,4,4,5,,,,,,,,,,,,,,,,,,,
31,2,1,87,0.3,0.1,0.5,5,4,4,4,4,5,,,,,,,,,,,,,,,,,,,
31,2,1,88,0.3,0.1,0.5,5,5,5,5,5,5,,,,,,,,,,,,,,,,,,,
31,2,1,89,0.3,0.1,0.5,5,5,0,5,0,5,,,,,,,,,,,,,,,,,,,
31,2,1,90,0.3,0.1,0.5,6,4,0,4,0,6,,,,,,,,,,,,,,,,,,,
31,2,1,91,0.3,0.1,0.5,2,4,1,4,1,2,,,,,,,,,,,,,,,,,,,
31,2,1,92,0.3,0.1,0.5,3,6,0,6,0,3,,,,,,,,,,,,,,,,,,,
31,2,1,93,0.3,0.1,0.5,3,6,6,6,6,3,,,,,,,,,,,,,,,,,,,
31,2,1,94,0.3,0.1,0.5,3,0,1,0,1,3,,,,,,,,,,,,,,,,,,,
31,2,1,95,0.3,0.1,0.5,3,6,0,6,0,3,9,1,6,4,4,1,6,1,1,1,1,1,1,0,0,0,0,0,0
31,2,1,96,0.3,0.1,0.5,6,6,5,6,5,6,,,,,,,,,,,,,,,,,,,
31,2,1,97,0.3,0.1,0.5,6,6,6,6,6,6,,,,,,,,,,,,,,,,,,,
31,2,1,98,0.3,0.1,0.5,6,2,6,2,6,6,,,,,,,,,,,,,,,,,,,
31,2,1,99,0.3,0.1,0.5,6,1,4,1,4,6,,,,,,,,,,,,,,,,,,,
31,2,1,100,0.3,0.1,0.5,6,2,3,2,3,6,,,,,,,,,,,,,,,,,,,
31,2,1,101,0.3,0.1,0.5,2,2,4,2,4,2,10,1,5,3,3,1,5,1,1,1,1,1,1,0,0,0,0,0,0
31,2,1,102,0.3,0.1,0.5,2,3,5,3,5,2,,,,,,,,,,,,,,,,,,,
31,2,1,103,0.3,0.1,0.5,2,4,6,4,6,2,,,,,,,,,,,,,,,,,,,
31,2,1,104,0.3,0.1,0.5,2,4,0,4,0,2,,,,,,,,,,,,,,,,,,,
31,2,1,105,0.3,0.1,0.5,6,4,6,4,6,6,,,,,,,,,,,,,,,,,,,
31,2,1,106,0.3,0.1,0.5,6,4,1,4,1,6,,,,,,,,,,,,,,,,,,,
31,2,1,107,0.3,0.1,0.5,0,4,2,4,2,0,,,,,,,,,,,,,,,,,,,
31,2,1,108,0.3,0.1,0.5,5,5,2,5,2,5,,,,,,,,,,,,,,,,,,,
31,2,1,109,0.3,0.1,0.5,6,5,3,5,3,6,,,,,,,,,,,,,,,,,,,
31,2,1,110,0.3,0.1,0.5,6,6,3,6,3,6,,,,,,,,,,,,,,,,,,,
31,2,1,111,0.3,0.1,0.5,0,6,6,6,6,0,,,,,,,,,,,,,,,,,,,
31,2,1,112,0.3,0.1,0.5,6,6,5,6,5,6,,,,,,,,,,,,,,,,,,,
31,2,1,113,0.3,0.1,0.5,6,4,4,4,4,6,,,,,,,,,,,,,,,,,,,
31,2,1,114,0.3,0.1,0.5,6,4,3,4,3,6,11,2,1,6,6,2,1,0,0,1,1,0,0,0,0,1,1,0,0
31,2,1,115,0.3,0.1,0.5,4,6,3,6,3,4,,,,,,,,,,,,,,,,,,,
31,2,1,116,0.3,0.1,0.5,4,4,3,4,3,4,,,,,,,,,,,,,,,,,,,
31,2,1,117,0.3,0.1,0.5,4,5,2,5,2,4,,,,,,,,,,,,,,,,,,,
31,2,1,118,0.3,0.1,0.5,4,5,3,5,3,4,,,,,,,,,,,,,,,,,,,
31,2,1,119,0.3,0.1,0.5,5,0,4,0,4,5,,,,,,,,,,,,,,,,,,,
31,2,1,120,0.3,0.1,0.5,5,0,5,0,5,5,,,,,,,,,,,,,,,,,,,
31,2,1,121,0.3,0.1,0.5,5,5,4,5,4,5,,,,,,,,,,,,,,,,,,,
31,2,1,122,0.3,0.1,0.5,5,4,4,4,4,5,,,,,,,,,,,,,,,,,,,
31,2,1,123,0.3,0.1,0.5,5,4,6,4,6,5,,,,,,,,,,,,,,,,,,,
31,2,1,124,0.3,0.1,0.5,5,6,4,6,4,5,,,,,,,,,,,,,,,,,,,
31,2,1,125,0.3,0.1,0.5,4,0,3,0,3,4,12,0,4,0,0,0,4,1,1,0,0,1,1,1,0,0,0,1,0
31,2,1,126,0.3,0.1,0.5,4,6,3,6,3,4,,,,,,,,,,,,,,,,,,,
31,2,1,127,0.3,0.1,0.5,5,2,4,2,4,5,,,,,,,,,,,,,,,,,,,
31,2,1,128,0.3,0.1,0.5,6,6,5,6,5,6,,,,,,,,,,,,,,,,,,,
31,2,1,129,0.3,0.1,0.5,6,6,4,6,4,6,,,,,,,,,,,,,,,,,,,
31,2,1,130,0.3,0.1,0.5,6,3,5,3,5,6,,,,,,,,,,,,,,,,,,,
31,2,1,131,0.3,0.1,0.5,6,2,4,2,4,6,13,3,3,5,5,3,3,1,1,1,1,1,1,0,0,0,0,0,0
31,2,1,132,0.3,0.1,0.5,6,3,3,3,3,6,,,,,,,,,,,,,,,,,,,
31,2,1,133,0.3,0.1,0.5,6,6,4,6,4,6,,,,,,,,,,,,,,,,,,,
31,2,1,134,0.3,0.1,0.5,4,5,5,5,5,4,,,,,,,,,,,,,,,,,,,
31,2,1,135,0.3,0.1,0.5,4,0,4,0,4,4,,,,,,,,,,,,,,,,,,,
31,2,1,136,0.3,0.1,0.5,4,6,6,6,6,4,,,,,,,,,,,,,,,,,,,
31,2,1,137,0.3,0.1,0.5,4,6,6,6,6,4,,,,,,,,,,,,,,,,,,,
31,2,1,138,0.3,0.1,0.5,6,1,3,1,3,6,,,,,,,,,,,,,,,,,,,
31,2,1,139,0.3,0.1,0.5,0,1,2,1,2,0,,,,,,,,,,,,,,,,,,,
31,2,1,140,0.3,0.1,0.5,0,6,1,6,1,0,,,,,,,,,,,,,,,,,,,
31,2,1,141,0.3,0.1,0.5,6,6,0,6,0,6,14,3,2,1,1,3,2,1,0,1,1,1,0,0,0,0,0,0,0
31,2,1,142,0.3,0.1,0.5,6,6,1,6,1,6,,,,,,,,,,,,,,,,,,,
31,2,1,143,0.3,0.1,0.5,6,6,0,6,0,6,,,,,,,,,,,,,,,,,,,
31,2,1,144,0.3,0.1,0.5,6,0,1,0,1,6,,,,,,,,,,,,,,,,,,,
31,2,1,145,0.3,0.1,0.5,3,0,0,0,0,3,,,,,,,,,,,,,,,,,,,
31,2,1,146,0.3,0.1,0.5,6,5,1,5,1,6,,,,,,,,,,,,,,,,,,,
31,2,1,147,0.3,0.1,0.5,0,4,0,4,0,0,,,,,,,,,,,,,,,,,,,
31,2,1,148,0.3,0.1,0.5,0,5,5,5,5,0,,,,,,,,,,,,,,,,,,,
31,2,1,149,0.3,0.1,0.5,0,5,6,5,6,0,,,,,,,,,,,,,,,,,,,
31,2,1,150,0.3,0.1,0.5,5,4,5,4,5,5,,,,,,,,,,,,,,,,,,,
31,2,1,151,0.3,0.1,0.5,6,6,0,6,0,6,,,,,,,,,,,,,,,,,,,
31,2,1,152,0.3,0.1,0.5,0,5,5,5,5,0,15,3,6,0,0,3,6,0,1,1,1,0,1,0,0,1,1,0,0
31,2,1,153,0.3,0.1,0.5,5,4,4,4,4,5,,,,,,,,,,,,,,,,,,,
31,2,1,154,0.3,0.1,0.5,5,4,6,4,6,5,,,,,,,,,,,,,,,,,,,
31,2,1,155,0.3,0.1,0.5,5,6,3,6,3,5,,,,,,,,,,,,,,,,,,,
31,2,1,156,0.3,0.1,0.5,6,3,2,3,2,6,,,,,,,,,,,,,,,,,,,
31,2,1,157,0.3,0.1,0.5,4,4,6,4,6,4,,,,,,,,,,,,,,,,,,,
31,2,1,158,0.3,0.1,0.5,5,4,1,4,1,5,,,,,,,,,,,,,,,,,,,
31,2,1,159,0.3,0.1,0.5,4,5,2,5,2,4,,,,,,,,,,,,,,,,,,,
31,2,1,160,0.3,0.1,0.5,4,4,3,4,3,4,,,,,,,,,,,,,,,,,,,
31,2,1,161,0.3,0.1,0.5,4,4,6,4,6,4,,,,,,,,,,,,,,,,,,,
31,2,1,162,0.3,0.1,0.5,6,4,1,4,1,6,,,,,,,,,,,,,,,,,,,
31,2,1,163,0.3,0.1,0.5,6,4,0,4,0,6,,,,,,,,,,,,,,,,,,,
31,2,1,164,0.3,0.1,0.5,0,4,1,4,1,0,16,5,2,5,5,5,2,1,1,1,1,1,1,0,0,0,0,0,0
31,2,1,165,0.3,0.1,0.5,5,5,2,5,2,5,,,,,,,,,,,,,,,,,,,
31,2,1,166,0.3,0.1,0.5,5,4,3,4,3,5,,,,,,,,,,,,,,,,,,,
31,2,1,167,0.3,0.1,0.5,5,4,2,4,2,5,,,,,,,,,,,,,,,,,,,
31,2,1,168,0.3,0.1,0.5,5,6,3,6,3,5,,,,,,,,,,,,,,,,,,,
31,2,1,169,0.3,0.1,0.5,5,3,6,3,6,5,,,,,,,,,,,,,,,,,,,
31,2,1,170,0.3,0.1,0.5,4,3,5,3,5,4,,,,,,,,,,,,,,,,,,,
31,2,1,171,0.3,0.1,0.5,4,6,6,6,6,4,17,6,0,5,5,6,0,1,1,1,1,1,1,1,0,0,0,1,0
31,2,1,172,0.3,0.1,0.5,6,6,2,6,2,6,,,,,,,,,,,,,,,,,,,
31,2,1,173,0.3,0.1,0.5,6,0,3,0,3,6,,,,,,,,,,,,,,,,,,,
31,2,1,174,0.3,0.1,0.5,4,6,4,6,4,4,,,,,,,,,,,,,,,,,,,
31,2,1,175,0.3,0.1,0.5,4,6,5,6,5,4,,,,,,,,,,,,,,,,,,,
31,2,1,176,0.3,0.1,0.5,5,6,0,6,0,5,,,,,,,,,,,,,,,,,,,
31,2,1,177,0.3,0.1,0.5,5,6,1,6,1,5,,,,,,,,,,,,,,,,,,,
31,2,1,178,0.3,0.1,0.5,6,6,0,6,0,6,,,,,,,,,,,,,,,,,,,
31,2,1,179,0.3,0.1,0.5,6,6,1,6,1,6,,,,,,,,,,,,,,,,,,,
31,2,1,180,0.3,0.1,0.5,5,3,2,3,2,5,,,,,,,,,,,,,,,,,,,
31,2,1,181,0.3,0.1,0.5,5,3,1,3,1,5,,,,,,,,,,,,,,,,,,,
31,2,1,182,0.3,0.1,0.5,5,4,2,4,2,5,,,,,,,,,,,,,,,,,,,
31,2,1,183,0.3,0.1,0.5,4,5,1,5,1,4,,,,,,,,,,,,,,,,,,,
31,2,1,184,0.3,0.1,0.5,4,5,2,5,2,4,,,,,,,,,,,,,,,,,,,
31,2,1,185,0.3,0.1,0.5,6,6,1,6,1,6,18,5,3,5,5,5,3,1,0,1,1,1,0,0,0,0,0,0,0
31,2,1,186,0.3,0.1,0.5,5,3,2,3,2,5,,,,,,,,,,,,,,,,,,,
31,2,1,187,0.3,0.1,0.5,5,4,6,4,6,5,,,,,,,,,,,,,,,,,,,
31,2,1,188,0.3,0.1,0.5,5,5,3,5,3,5,,,,,,,,,,,,,,,,,,,
31,2,1,189,0.3,0.1,0.5,5,6,2,6,2,5,,,,,,,,,,,,,,,,,,,
31,2,1,190,0.3,0.1,0.5,6,6,6,6,6,6,,,,,,,,,,,,,,,,,,,
31,2,1,191,0.3,0.1,0.5,6,4,3,4,3,6,,,,,,,,,,,,,,,,,,,
31,2,1,192,0.3,0.1,0.5,6,4,3,4,3,6,,,,,,,,,,,,,,,,,,,
31,2,1,193,0.3,0.1,0.5,2,3,3,3,3,2,,,,,,,,,,,,,,,,,,,
31,2,1,194,0.3,0.1,0.5,2,3,6,3,6,2,,,,,,,,,,,,,,,,,,,
31,2,1,195,0.3,0.1,0.5,2,3,2,3,2,2,,,,,,,,,,,,,,,,,,,
31,2,1,196,0.3,0.1,0.5,2,4,6,4,6,2,,,,,,,,,,,,,,,,,,,
31,2,1,197,0.3,0.1,0.5,2,4,0,4,0,2,,,,,,,,,,,,,,,,,,,
31,2,1,198,0.3,0.1,0.5,6,3,0,3,0,6,,,,,,,,,,,,,,,,,,,
31,2,1,199,0.3,0.1,0.5,6,6,1,6,1,6,,,,,,,,,,,,,,,,,,,
31,2,1,200,0.3,0.1,0.5,6,0,6,0,6,6,,,,,,,,,,,,,,,,,,,
31,3,1,1,0.3,0.1,0.5,2,3,3,3,3,2,,,,,,,,,,,,,,,,,,,
31,3,1,2,0.3,0.1,0.5,2,4,3,4,3,2,,,,,,,,,,,,,,,,,,,
31,3,1,3,0.3,0.1,0.5,2,4,6,4,6,2,,,,,,,,,,,,,,,,,,,
31,3,1,4,0.3,0.1,0.5,3,4,6,4,6,3,,,,,,,,,,,,,,,,,,,
31,3,1,5,0.3,0.1,0.5,6,4,0,4,0,6,,,,,,,,,,,,,,,,,,,
31,3,1,6,0.3,0.1,0.5,3,4,5,4,5,3,,,,,,,,,,,,,,,,,,,
31,3,1,7,0.3,0.1,0.5,3,6,4,6,4,3,,,,,,,,,,,,,,,,,,,
31,3,1,8,0.3,0.1,0.5,3,5,3,5,3,3,,,,,,,,,,,,,,,,,,,
31,3,1,9,0.3,0.1,0.5,6,5,3,5,3,6,,,,,,,,,,,,,,,,,,,
31,3,1,10,0.3,0.1,0.5,6,5,4,5,4,6,,,,,,,,,,,,,,,,,,,
31,3,1,11,0.3,0.1,0.5,6,6,6,6,6,6,,,,,,,,,,,,,,,,,,,
31,3,1,12,0.3,0.1,0.5,6,6,3,6,3,6,,,,,,,,,,,,,,,,,,,
31,3,1,13,0.3,0.1,0.5,6,0,3,0,3,6,,,,,,,,,,,,,,,,,,,
31,3,1,14,0.3,0.1,0.5,6,6,2,6,2,6,1,2,5,6,6,2,5,1,0,1,1,1,0,0,0,1,1,0,0
31,3,1,15,0.3,0.1,0.5,6,3,3,3,3,6,,,,,,,,,,,,,,,,,,,
31,3,1,16,0.3,0.1,0.5,6,6,3,6,3,6,,,,,,,,,,,,,,,,,,,
31,3,1,17,0.3,0.1,0.5,0,6,4,6,4,0,,,,,,,,,,,,,,,,,,,
31,3,1,18,0.3,0.1,0.5,6,4,3,4,3,6,,,,,,,,,,,,,,,,,,,
31,3,1,19,0.3,0.1,0.5,6,6,6,6,6,6,,,,,,,,,,,,,,,,,,,
31,3,1,20,0.3,0.1,0.5,6,1,2,1,2,6,,,,,,,,,,,,,,,,,,,
31,3,1,21,0.3,0.1,0.5,6,1,3,1,3,6,,,,,,,,,,,,,,,,,,,
31,3,1,22,0.3,0.1,0.5,1,2,4,2,4,1,,,,,,,,,,,,,,,,,,,
31,3,1,23,0.3,0.1,0.5,1,3,3,3,3,1,,,,,,,,,,,,,,,,,,,
31,3,1,24,0.3,0.1,0.5,6,2,6,2,6,6,2,0,4,6,6,0,4,0,1,1,1,0,1,0,0,1,1,0,0
31,3,1,25,0.3,0.1,0.5,2,2,6,2,6,2,,,,,,,,,,,,,,,,,,,
31,3,1,26,0.3,0.1,0.5,6,6,0,6,0,6,,,,,,,,,,,,,,,,,,,
31,3,1,27,0.3,0.1,0.5,6,6,6,6,6,6,,,,,,,,,,,,,,,,,,,
31,3,1,28,0.3,0.1,0.5,6,0,2,0,2,6,,,,,,,,,,,,,,,,,,,
31,3,1,29,0.3,0.1,0.5,5,5,6,5,6,5,,,,,,,,,,,,,,,,,,,
31,3,1,30,0.3,0.1,0.5,4,5,4,5,4,4,,,,,,,,,,,,,,,,,,,
31,3,1,31,0.3,0.1,0.5,6,5,3,5,3,6,,,,,,,,,,,,,,,,,,,
31,3,1,32,0.3,0.1,0.5,2,4,2,4,2,2,3,6,6,1,1,6,6,1,1,1,1,1,1,0,0,0,0,0,0
31,3,1,33,0.3,0.1,0.5,6,6,6,6,6,6,,,,,,,,,,,,,,,,,,,
31,3,1,34,0.3,0.1,0.5,2,2,0,2,0,2,,,,,,,,,,,,,,,,,,,
31,3,1,35,0.3,0.1,0.5,2,2,6,2,6,2,,,,,,,,,,,,,,,,,,,
31,3,1,36,0.3,0.1,0.5,2,6,1,6,1,2,,,,,,,,,,,,,,,,,,,
31,3,1,37,0.3,0.1,0.5,2,5,0,5,0,2,,,,,,,,,,,,,,,,,,,
31,3,1,38,0.3,0.1,0.5,2,6,1,6,1,2,,,,,,,,,,,,,,,,,,,
31,3,1,39,0.3,0.1,0.5,6,0,1,0,1,6,,,,,,,,,,,,,,,,,,,
31,3,1,40,0.3,0.1,0.5,6,6,0,6,0,6,,,,,,,,,,,,,,,,,,,
31,3,1,41,0.3,0.1,0.5,6,6,1,6,1,6,,,,,,,,,,,,,,,,,,,
31,3,1,42,0.3,0.1,0.5,6,1,2,1,2,6,,,,,,,,,,,,,,,,,,,
31,3,1,43,0.3,0.1,0.5,1,1,3,1,3,1,4,5,1,1,1,5,1,0,0,1,1,0,0,0,0,1,1,0,0
31,3,1,44,0.3,0.1,0.5,6,6,6,6,6,6,,,,,,,,,,,,,,,,,,,
31,3,1,45,0.3,0.1,0.5,1,6,0,6,0,1,,,,,,,,,,,,,,,,,,,
31,3,1,46,0.3,0.1,0.5,2,2,5,2,5,2,,,,,,,,,,,,,,,,,,,
31,3,1,47,0.3,0.1,0.5,6,3,0,3,0,6,,,,,,,,,,,,,,,,,,,
31,3,1,48,0.3,0.1,0.5,6,6,5,6,5,6,,,,,,,,,,,,,,,,,,,
31,3,1,49,0.3,0.1,0.5,6,6,4,6,4,6,,,,,,,,,,,,,,,,,,,
31,3,1,50,0.3,0.1,0.5,3,1,6,1,6,3,,,,,,,,,,,,,,,,,,,
31,3,1,51,0.3,0.1,0.5,3,1,2,1,2,3,,,,,,,,,,,,,,,,,,,
31,3,1,52,0.3,0.1,0.5,3,6,6,6,6,3,,,,,,,,,,,,,,,,,,,
31,3,1,53,0.3,0.1,0.5,4,0,3,0,3,4,,,,,,,,,,,,,,,,,,,
31,3,1,54,0.3,0.1,0.5,5,5,6,5,6,5,,,,,,,,,,,,,,,,,,,
31,3,1,55,0.3,0.1,0.5,4,6,1,6,1,4,,,,,,,,,,,,,,,,,,,
31,3,1,56,0.3,0.1,0.5,6,5,0,5,0,6,5,6,4,5,5,6,4,1,0,1,1,1,0,0,0,0,0,0,0
31,3,1,57,0.3,0.1,0.5,6,5,6,5,6,6,,,,,,,,,,,,,,,,,,,
31,3,1,58,0.3,0.1,0.5,6,5,2,5,2,6,,,,,,,,,,,,,,,,,,,
31,3,1,59,0.3,0.1,0.5,3,4,6,4,6,3,,,,,,,,,,,,,,,,,,,
31,3,1,60,0.3,0.1,0.5,6,4,6,4,6,6,,,,,,,,,,,,,,,,,,,
31,3,1,61,0.3,0.1,0.5,3,5,0,5,0,3,,,,,,,,,,,,,,,,,,,
31,3,1,62,0.3,0.1,0.5,3,6,1,6,1,3,,,,,,,,,,,,,,,,,,,
31,3,1,63,0.3,0.1,0.5,4,6,6,6,6,4,6,0,5,3,3,0,5,1,1,1,1,1,1,0,0,0,0,0,0
31,3,1,64,0.3,0.1,0.5,5,0,4,0,4,5,,,,,,,,,,,,,,,,,,,
31,3,1,65,0.3,0.1,0.5,5,6,5,6,5,5,,,,,,,,,,,,,,,,,,,
31,3,1,66,0.3,0.1,0.5,6,0,0,0,0,6,,,,,,,,,,,,,,,,,,,
31,3,1,67,0.3,0.1,0.5,4,6,1,6,1,4,,,,,,,,,,,,,,,,,,,
31,3,1,68,0.3,0.1,0.5,6,5,2,5,2,6,,,,,,,,,,,,,,,,,,,
31,3,1,69,0.3,0.1,0.5,6,6,2,6,2,6,,,,,,,,,,,,,,,,,,,
31,3,1,70,0.3,0.1,0.5,6,5,6,5,6,6,,,,,,,,,,,,,,,,,,,
31,3,1,71,0.3,0.1,0.5,6,5,3,5,3,6,,,,,,,,,,,,,,,,,,,
31,3,1,72,0.3,0.1,0.5,6,0,6,0,6,6,,,,,,,,,,,,,,,,,,,
31,3,1,73,0.3,0.1,0.5,3,1,4,1,4,3,,,,,,,,,,,,,,,,,,,
31,3,1,74,0.3,0.1,0.5,4,1,6,1,6,4,,,,,,,,,,,,,,,,,,,
31,3,1,75,0.3,0.1,0.5,4,1,5,1,5,4,,,,,,,,,,,,,,,,,,,
31,3,1,76,0.3,0.1,0.5,6,6,0,6,0,6,7,3,4,5,5,3,4,1,0,1,1,1,0,0,0,0,0,0,0
31,3,1,77,0.3,0.1,0.5,6,6,0,6,0,6,,,,,,,,,,,,,,,,,,,
31,3,1,78,0.3,0.1,0.5,0,4,1,4,1,0,,,,,,,,,,,,,,,,,,,
31,3,1,79,0.3,0.1,0.5,0,3,6,3,6,0,,,,,,,,,,,,,,,,,,,
31,3,1,80,0.3,0.1,0.5,5,4,4,4,4,5,,,,,,,,,,,,,,,,,,,
31,3,1,81,0.3,0.1,0.5,6,5,5,5,5,6,,,,,,,,,,,,,,,,,,,
31,3,1,82,0.3,0.1,0.5,3,4,6,4,6,3,,,,,,,,,,,,,,,,,,,
31,3,1,83,0.3,0.1,0.5,6,4,2,4,2,6,,,,,,,,,,,,,,,,,,,
31,3,1,84,0.3,0.1,0.5,0,5,3,5,3,0,,,,,,,,,,,,,,,,,,,
31,3,1,85,0.3,0.1,0.5,0,4,4,4,4,0,,,,,,,,,,,,,,,,,,,
31,3,1,86,0.3,0.1,0.5,0,4,3,4,3,0,8,1,1,0,0,1,1,0,0,1,1,0,0,0,0,1,1,0,0
31,3,1,87,0.3,0.1,0.5,6,6,6,6,6,6,,,,,,,,,,,,,,,,,,,
31,3,1,88,0.3,0.1,0.5,6,5,0,5,0,6,,,,,,,,,,,,,,,,,,,
31,3,1,89,0.3,0.1,0.5,3,5,1,5,1,3,,,,,,,,,,,,,,,,,,,
31,3,1,90,0.3,0.1,0.5,3,6,1,6,1,3,,,,,,,,,,,,,,,,,,,
31,3,1,91,0.3,0.1,0.5,4,0,1,0,1,4,,,,,,,,,,,,,,,,,,,
31,3,1,92,0.3,0.1,0.5,6,5,6,5,6,6,,,,,,,,,,,,,,,,,,,
31,3,1,93,0.3,0.1,0.5,6,4,3,4,3,6,,,,,,,,,,,,,,,,,,,
31,3,1,94,0.3,0.1,0.5,5,4,6,4,6,5,,,,,,,,,,,,,,,,,,,
31,3,1,95,0.3,0.1,0.5,4,4,4,4,4,4,9,3,6,0,0,3,6,1,1,0,0,1,1,0,0,0,0,0,0
31,3,1,96,0.3,0.1,0.5,4,6,4,6,4,4,,,,,,,,,,,,,,,,,,,
31,3,1,97,0.3,0.1,0.5,5,2,6,2,6,5,,,,,,,,,,,,,,,,,,,
31,3,1,98,0.3,0.1,0.5,4,3,4,3,4,4,,,,,,,,,,,,,,,,,,,
31,3,1,99,0.3,0.1,0.5,4,4,6,4,6,4,,,,,,,,,,,,,,,,,,,
31,3,1,100,0.3,0.1,0.5,4,5,0,5,0,4,,,,,,,,,,,,,,,,,,,
31,3,1,101,0.3,0.1,0.5,4,6,6,6,6,4,,,,,,,,,,,,,,,,,,,
31,3,1,102,0.3,0.1,0.5,6,5,0,5,0,6,,,,,,,,,,,,,,,,,,,
31,3,1,103,0.3,0.1,0.5,5,6,6,6,6,5,,,,,,,,,,,,,,,,,,,
31,3,1,104,0.3,0.1,0.5,5,5,1,5,1,5,,,,,,,,,,,,,,,,,,,
31,3,1,105,0.3,0.1,0.5,6,6,2,6,2,6,10,2,0,1,1,2,0,1,0,1,1,1,0,0,0,0,0,0,0
31,3,1,106,0.3,0.1,0.5,4,6,3,6,3,4,,,,,,,,,,,,,,,,,,,
31,3,1,107,0.3,0.1,0.5,5,5,3,5,3,5,,,,,,,,,,,,,,,,,,,
31,3,1,108,0.3,0.1,0.5,6,6,4,6,4,6,,,,,,,,,,,,,,,,,,,
31,3,1,109,0.3,0.1,0.5,6,4,6,4,6,6,,,,,,,,,,,,,,,,,,,
31,3,1,110,0.3,0.1,0.5,1,6,2,6,2,1,,,,,,,,,,,,,,,,,,,
31,3,1,111,0.3,0.1,0.5,2,6,1,6,1,2,,,,,,,,,,,,,,,,,,,
31,3,1,112,0.3,0.1,0.5,2,6,1,6,1,2,,,,,,,,,,,,,,,,,,,
31,3,1,113,0.3,0.1,0.5,2,0,2,0,2,2,,,,,,,,,,,,,,,,,,,
31,3,1,114,0.3,0.1,0.5,2,0,1,0,1,2,,,,,,,,,,,,,,,,,,,
31,3,1,115,0.3,0.1,0.5,2,5,1,5,1,2,11,5,3,3,3,5,3,1,0,1,1,1,0,1,0,0,0,1,0
31,3,1,116,0.3,0.1,0.5,3,4,0,4,0,3,,,,,,,,,,,,,,,,,,,
31,3,1,117,0.3,0.1,0.5,6,6,5,6,5,6,,,,,,,,,,,,,,,,,,,
31,3,1,118,0.3,0.1,0.5,6,5,0,5,0,6,,,,,,,,,,,,,,,,,,,
31,3,1,119,0.3,0.1,0.5,4,4,1,4,1,4,,,,,,,,,,,,,,,,,,,
31,3,1,120,0.3,0.1,0.5,6,4,1,4,1,6,,,,,,,,,,,,,,,,,,,
31,3,1,121,0.3,0.1,0.5,6,4,1,4,1,6,,,,,,,,,,,,,,,,,,,
31,3,1,122,0.3,0.1,0.5,3,6,0,6,0,3,12,0,0,0,0,0,0,1,1,0,0,1,1,0,1,0,0,0,1
31,3,1,123,0.3,0.1,0.5,6,3,1,3,1,6,,,,,,,,,,,,,,,,,,,
31,3,1,124,0.3,0.1,0.5,2,6,2,6,2,2,,,,,,,,,,,,,,,,,,,
31,3,1,125,0.3,0.1,0.5,6,2,6,2,6,6,,,,,,,,,,,,,,,,,,,
31,3,1,126,0.3,0.1,0.5,6,6,3,6,3,6,,,,,,,,,,,,,,,,,,,
31,3,1,127,0.3,0.1,0.5,6,3,4,3,4,6,,,,,,,,,,,,,,,,,,,
31,3,1,128,0.3,0.1,0.5,6,6,5,6,5,6,,,,,,,,,,,,,,,,,,,
31,3,1,129,0.3,0.1,0.5,0,1,4,1,4,0,,,,,,,,,,,,,,,,,,,
31,3,1,130,0.3,0.1,0.5,5,1,4,1,4,5,,,,,,,,,,,,,,,,,,,
31,3,1,131,0.3,0.1,0.5,6,6,5,6,5,6,,,,,,,,,,,,,,,,,,,
31,3,1,132,0.3,0.1,0.5,1,6,0,6,0,1,,,,,,,,,,,,,,,,,,,
31,3,1,133,0.3,0.1,0.5,6,1,1,1,1,6,,,,,,,,,,,,,,,,,,,
31,3,1,134,0.3,0.1,0.5,4,1,0,1,0,4,,,,,,,,,,,,,,,,,,,
31,3,1,135,0.3,0.1,0.5,5,6,5,6,5,5,,,,,,,,,,,,,,,,,,,
31,3,1,136,0.3,0.1,0.5,4,0,6,0,6,4,13,6,0,3,3,6,0,1,1,1,1,1,1,0,0,0,0,0,0
31,3,1,137,0.3,0.1,0.5,5,1,0,1,0,5,,,,,,,,,,,,,,,,,,,
31,3,1,138,0.3,0.1,0.5,6,1,0,1,0,6,,,,,,,,,,,,,,,,,,,
31,3,1,139,0.3,0.1,0.5,6,2,6,2,6,6,,,,,,,,,,,,,,,,,,,
31,3,1,140,0.3,0.1,0.5,6,1,0,1,0,6,,,,,,,,,,,,,,,,,,,
31,3,1,141,0.3,0.1,0.5,6,1,1,1,1,6,14,3,5,4,4,3,5,0,0,1,1,0,0,0,0,0,0,0,0
31,3,1,142,0.3,0.1,0.5,1,1,1,1,1,1,,,,,,,,,,,,,,,,,,,
31,3,1,143,0.3,0.1,0.5,1,2,0,2,0,1,,,,,,,,,,,,,,,,,,,
31,3,1,144,0.3,0.1,0.5,1,6,5,6,5,1,,,,,,,,,,,,,,,,,,,
31,3,1,145,0.3,0.1,0.5,1,1,4,1,4,1,,,,,,,,,,,,,,,,,,,
31,3,1,146,0.3,0.1,0.5,6,1,6,1,6,6,,,,,,,,,,,,,,,,,,,
31,3,1,147,0.3,0.1,0.5,1,2,4,2,4,1,,,,,,,,,,,,,,,,,,,
31,3,1,148,0.3,0.1,0.5,6,3,6,3,6,6,,,,,,,,,,,,,,,,,,,
31,3,1,149,0.3,0.1,0.5,2,4,0,4,0,2,,,,,,,,,,,,,,,,,,,
31,3,1,150,0.3,0.1,0.5,2,5,5,5,5,2,,,,,,,,,,,,,,,,,,,
31,3,1,151,0.3,0.1,0.5,6,6,6,6,6,6,,,,,,,,,,,,,,,,,,,
31,3,1,152,0.3,0.1,0.5,5,4,3,4,3,5,,,,,,,,,,,,,,,,,,,
31,3,1,153,0.3,0.1,0.5,5,4,4,4,4,5,,,,,,,,,,,,,,,,,,,
31,3,1,154,0.3,0.1,0.5,5,4,3,4,3,5,,,,,,,,,,,,,,,,,,,
31,3,1,155,0.3,0.1,0.5,4,6,2,6,2,4,15,3,6,6,6,3,6,1,1,1,1,1,1,0,0,0,0,0,0
31,3,1,156,0.3,0.1,0.5,5,3,6,3,6,5,,,,,,,,,,,,,,,,,,,
31,3,1,157,0.3,0.1,0.5,5,4,5,4,5,5,,,,,,,,,,,,,,,,,,,
31,3,1,158,0.3,0.1,0.5,5,4,0,4,0,5,,,,,,,,,,,,,,,,,,,
31,3,1,159,0.3,0.1,0.5,5,6,1,6,1,5,,,,,,,,,,,,,,,,,,,
31,3,1,160,0.3,0.1,0.5,5,0,0,0,0,5,,,,,,,,,,,,,,,,,,,
31,3,1,161,0.3,0.1,0.5,4,5,1,5,1,4,16,0,4,6,6,0,4,1,0,1,1,1,0,0,0,0,0,0,0
31,3,1,162,0.3,0.1,0.5,4,4,0,4,0,4,,,,,,,,,,,,,,,,,,,
31,3,1,163,0.3,0.1,0.5,4,5,6,5,6,4,,,,,,,,,,,,,,,,,,,
31,3,1,164,0.3,0.1,0.5,4,5,4,5,4,4,,,,,,,,,,,,,,,,,,,
31,3,1,165,0.3,0.1,0.5,4,5,3,5,3,4,,,,,,,,,,,,,,,,,,,
31,3,1,166,0.3,0.1,0.5,5,5,3,5,3,5,,,,,,,,,,,,,,,,,,,
31,3,1,167,0.3,0.1,0.5,6,6,6,6,6,6,,,,,,,,,,,,,,,,,,,
31,3,1,168,0.3,0.1,0.5,3,1,5,1,5,3,,,,,,,,,,,,,,,,,,,
31,3,1,169,0.3,0.1,0.5,6,6,4,6,4,6,,,,,,,,,,,,,,,,,,,
31,3,1,170,0.3,0.1,0.5,6,5,5,5,5,6,,,,,,,,,,,,,,,,,,,
31,3,1,171,0.3,0.1,0.5,6,5,4,5,4,6,,,,,,,,,,,,,,,,,,,
31,3,1,172,0.3,0.1,0.5,0,4,6,4,6,0,,,,,,,,,,,,,,,,,,,
31,3,1,173,0.3,0.1,0.5,6,4,3,4,3,6,17,5,2,5,5,5,2,1,1,1,1,1,1,0,0,0,0,0,0
31,3,1,174,0.3,0.1,0.5,6,5,2,5,2,6,,,,,,,,,,,,,,,,,,,
31,3,1,175,0.3,0.1,0.5,2,4,6,4,6,2,,,,,,,,,,,,,,,,,,,
31,3,1,176,0.3,0.1,0.5,6,3,2,3,2,6,,,,,,,,,,,,,,,,,,,
31,3,1,177,0.3,0.1,0.5,6,3,6,3,6,6,,,,,,,,,,,,,,,,,,,
31,3,1,178,0.3,0.1,0.5,6,3,3,3,3,6,,,,,,,,,,,,,,,,,,,
31,3,1,179,0.3,0.1,0.5,6,4,4,4,4,6,,,,,,,,,,,,,,,,,,,
31,3,1,180,0.3,0.1,0.5,6,6,5,6,5,6,,,,,,,,,,,,,,,,,,,
31,3,1,181,0.3,0.1,0.5,2,6,0,6,0,2,,,,,,,,,,,,,,,,,,,
31,3,1,182,0.3,0.1,0.5,2,6,6,6,6,2,,,,,,,,,,,,,,,,,,,
31,3,1,183,0.3,0.1,0.5,2,6,2,6,2,2,,,,,,,,,,,,,,,,,,,
31,3,1,184,0.3,0.1,0.5,3,6,6,6,6,3,,,,,,,,,,,,,,,,,,,
31,3,1,185,0.3,0.1,0.5,3,3,4,3,4,3,,,,,,,,,,,,,,,,,,,
31,3,1,186,0.3,0.1,0.5,3,6,3,6,3,3,18,4,5,3,3,4,5,1,0,1,1,1,0,0,0,1,1,0,0
31,3,1,187,0.3,0.1,0.5,3,4,3,4,3,3,,,,,,,,,,,,,,,,,,,
31,3,1,188,0.3,0.1,0.5,3,6,2,6,2,3,,,,,,,,,,,,,,,,,,,
31,3,1,189,0.3,0.1,0.5,3,0,1,0,1,3,,,,,,,,,,,,,,,,,,,
31,3,1,190,0.3,0.1,0.5,4,5,2,5,2,4,,,,,,,,,,,,,,,,,,,
31,3,1,191,0.3,0.1,0.5,4,6,1,6,1,4,,,,,,,,,,,,,,,,,,,
31,3,1,192,0.3,0.1,0.5,5,6,0,6,0,5,,,,,,,,,,,,,,,,,,,
31,3,1,193,0.3,0.1,0.5,5,5,1,5,1,5,,,,,,,,,,,,,,,,,,,
31,3,1,194,0.3,0.1,0.5,5,5,0,5,0,5,,,,,,,,,,,,,,,,,,,
31,3,1,195,0.3,0.1,0.5,6,0,6,0,6,6,,,,,,,,,,,,,,,,,,,
31,3,1,196,0.3,0.1,0.5,5,0,1,0,1,5,,,,,,,,,,,,,,,,,,,
31,3,1,197,0.3,0.1,0.5,6,6,0,6,0,6,,,,,,,,,,,,,,,,,,,
31,3,1,198,0.3,0.1,0.5,0,6,5,6,5,0,,,,,,,,,,,,,,,,,,,
31,3,1,199,0.3,0.1,0.5,0,3,4,3,4,0,,,,,,,,,,,,,,,,,,,
31,3,1,200,0.3,0.1,0.5,6,3,5,3,5,6,,,,,,,,,,,,,,,,,,,
31,4,1,1,0.3,0.1,0.5,6,5,6,5,6,6,,,,,,,,,,,,,,,,,,,
31,4,1,2,0.3,0.1,0.5,1,0,0,0,0,1,,,,,,,,,,,,,,,,,,,
31,4,1,3,0.3,0.1,0.5,1,5,1,5,1,1,,,,,,,,,,,,,,,,,,,
31,4,1,4,0.3,0.1,0.5,1,6,0,6,0,1,,,,,,,,,,,,,,,,,,,
31,4,1,5,0.3,0.1,0.5,1,5,6,5,6,1,,,,,,,,,,,,,,,,,,,
31,4,1,6,0.3,0.1,0.5,2,0,4,0,4,2,,,,,,,,,,,,,,,,,,,
31,4,1,7,0.3,0.1,0.5,3,0,4,0,4,3,,,,,,,,,,,,,,,,,,,
31,4,1,8,0.3,0.1,0.5,3,0,3,0,3,3,,,,,,,,,,,,,,,,,,,
31,4,1,9,0.3,0.1,0.5,6,5,4,5,4,6,,,,,,,,,,,,,,,,,,,
31,4,1,10,0.3,0.1,0.5,6,5,5,5,5,6,,,,,,,,,,,,,,,,,,,
31,4,1,11,0.3,0.1,0.5,4,6,0,6,0,4,1,5,6,4,4,5,6,1,1,1,1,1,1,0,0,1,1,0,0
31,4,1,12,0.3,0.1,0.5,5,6,1,6,1,5,,,,,,,,,,,,,,,,,,,
31,4,1,13,0.3,0.1,0.5,5,2,6,2,6,5,,,,,,,,,,,,,,,,,,,
31,4,1,14,0.3,0.1,0.5,6,6,0,6,0,6,,,,,,,,,,,,,,,,,,,
31,4,1,15,0.3,0.1,0.5,6,2,5,2,5,6,,,,,,,,,,,,,,,,,,,
31,4,1,16,0.3,0.1,0.5,4,3,0,3,0,4,,,,,,,,,,,,,,,,,,,
31,4,1,17,0.3,0.1,0.5,4,6,5,6,5,4,,,,,,,,,,,,,,,,,,,
31,4,1,18,0.3,0.1,0.5,6,4,4,4,4,6,,,,,,,,,,,,,,,,,,,
31,4,1,19,0.3,0.1,0.5,4,5,3,5,3,4,,,,,,,,,,,,,,,,,,,
31,4,1,20,0.3,0.1,0.5,5,5,6,5,6,5,,,,,,,,,,,,,,,,,,,
31,4,1,21,0.3,0.1,0.5,5,5,2,5,2,5,,,,,,,,,,,,,,,,,,,
31,4,1,22,0.3,0.1,0.5,4,4,6,4,6,4,,,,,,,,,,,,,,,,,,,
31,4,1,23,0.3,0.1,0.5,4,6,5,6,5,4,2,3,0,3,3,3,0,1,1,1,1,1,1,0,0,0,0,0,0
31,4,1,24,0.3,0.1,0.5,4,6,6,6,6,4,,,,,,,,,,,,,,,,,,,
31,4,1,25,0.3,0.1,0.5,5,4,1,4,1,5,,,,,,,,,,,,,,,,,,,
31,4,1,26,0.3,0.1,0.5,4,4,6,4,6,4,,,,,,,,,,,,,,,,,,,
31,4,1,27,0.3,0.1,0.5,5,6,2,6,2,5,,,,,,,,,,,,,,,,,,,
31,4,1,28,0.3,0.1,0.5,5,6,1,6,1,5,,,,,,,,,,,,,,,,,,,
31,4,1,29,0.3,0.1,0.5,5,5,0,5,0,5,,,,,,,,,,,,,,,,,,,
31,4,1,30,0.3,0.1,0.5,5,5,5,5,5,5,,,,,,,,,,,,,,,,,,,
31,4,1,31,0.3,0.1,0.5,5,4,6,4,6,5,,,,,,,,,,,,,,,,,,,
31,4,1,32,0.3,0.1,0.5,5,4,5,4,5,5,,,,,,,,,,,,,,,,,,,
31,4,1,33,0.3,0.1,0.5,4,5,6,5,6,4,3,1,2,0,0,1,2,0,1,0,0,0,1,0,0,0,0,0,0
31,4,1,34,0.3,0.1,0.5,4,5,2,5,2,4,,,,,,,,,,,,,,,,,,,
31,4,1,35,0.3,0.1,0.5,4,6,6,6,6,4,,,,,,,,,,,,,,,,,,,
31,4,1,36,0.3,0.1,0.5,4,3,0,3,0,4,,,,,,,,,,,,,,,,,,,
31,4,1,37,0.3,0.1,0.5,4,3,6,3,6,4,,,,,,,,,,,,,,,,,,,
31,4,1,38,0.3,0.1,0.5,4,2,0,2,0,4,,,,,,,,,,,,,,,,,,,
31,4,1,39,0.3,0.1,0.5,4,6,6,6,6,4,,,,,,,,,,,,,,,,,,,
31,4,1,40,0.3,0.1,0.5,4,0,3,0,3,4,,,,,,,,,,,,,,,,,,,
31,4,1,41,0.3,0.1,0.5,5,1,2,1,2,5,,,,,,,,,,,,,,,,,,,
31,4,1,42,0.3,0.1,0.5,6,2,1,2,1,6,,,,,,,,,,,,,,,,,,,
31,4,1,43,0.3,0.1,0.5,6,3,1,3,1,6,,,,,,,,,,,,,,,,,,,
31,4,1,44,0.3,0.1,0.5,6,3,2,3,2,6,4,4,3,1,1,4,3,1,1,1,1,1,1,0,0,0,0,0,0
31,4,1,45,0.3,0.1,0.5,0,4,6,4,6,0,,,,,,,,,,,,,,,,,,,
31,4,1,46,0.3,0.1,0.5,5,4,6,4,6,5,,,,,,,,,,,,,,,,,,,
31,4,1,47,0.3,0.1,0.5,6,4,4,4,4,6,,,,,,,,,,,,,,,,,,,
31,4,1,48,0.3,0.1,0.5,6,6,5,6,5,6,,,,,,,,,,,,,,,,,,,
31,4,1,49,0.3,0.1,0.5,6,1,4,1,4,6,,,,,,,,,,,,,,,,,,,
31,4,1,50,0.3,0.1,0.5,2,1,6,1,6,2,,,,,,,,,,,,,,,,,,,
31,4,1,51,0.3,0.1,0.5,2,2,2,2,2,2,,,,,,,,,,,,,,,,,,,
31,4,1,52,0.3,0.1,0.5,3,3,3,3,3,3,,,,,,,,,,,,,,,,,,,
31,4,1,53,0.3,0.1,0.5,6,4,2,4,2,6,,,,,,,,,,,,,,,,,,,
31,4,1,54,0.3,0.1,0.5,4,5,6,5,6,4,,,,,,,,,,,,,,,,,,,
31,4,1,55,0.3,0.1,0.5,4,6,6,6,6,4,,,,,,,,,,,,,,,,,,,
31,4,1,56,0.3,0.1,0.5,4,6,2,6,2,4,5,0,5,6,6,0,5,1,0,1,1,1,0,0,0,0,0,0,0
31,4,1,57,0.3,0.1,0.5,4,6,3,6,3,4,,,,,,,,,,,,,,,,,,,
31,4,1,58,0.3,0.1,0.5,6,0,4,0,4,6,,,,,,,,,,,,,,,,,,,
31,4,1,59,0.3,0.1,0.5,5,5,3,5,3,5,,,,,,,,,,,,,,,,,,,
31,4,1,60,0.3,0.1,0.5,5,5,4,5,4,5,,,,,,,,,,,,,,,,,,,
31,4,1,61,0.3,0.1,0.5,4,6,3,6,3,4,,,,,,,,,,,,,,,,,,,
31,4,1,62,0.3,0.1,0.5,4,2,6,2,6,4,,,,,,,,,,,,,,,,,,,
31,4,1,63,0.3,0.1,0.5,5,2,6,2,6,5,,,,,,,,,,,,,,,,,,,
31,4,1,64,0.3,0.1,0.5,5,2,6,2,6,5,,,,,,,,,,,,,,,,,,,
31,4,1,65,0.3,0.1,0.5,6,2,3,2,3,6,,,,,,,,,,,,,,,,,,,
31,4,1,66,0.3,0.1,0.5,6,2,4,2,4,6,6,3,3,5,5,3,3,1,1,1,1,1,1,0,0,0,0,0,0
31,4,1,67,0.3,0.1,0.5,5,3,3,3,3,5,,,,,,,,,,,,,,,,,,,
31,4,1,68,0.3,0.1,0.5,6,3,6,3,6,6,,,,,,,,,,,,,,,,,,,
31,4,1,69,0.3,0.1,0.5,6,6,6,6,6,6,,,,,,,,,,,,,,,,,,,
31,4,1,70,0.3,0.1,0.5,6,6,4,6,4,6,,,,,,,,,,,,,,,,,,,
31,4,1,71,0.3,0.1,0.5,4,6,5,6,5,4,7,6,1,6,6,6,1,1,0,1,1,1,0,1,0,0,0,1,0
31,4,1,72,0.3,0.1,0.5,4,2,5,2,5,4,,,,,,,,,,,,,,,,,,,
31,4,1,73,0.3,0.1,0.5,4,6,4,6,4,4,,,,,,,,,,,,,,,,,,,
31,4,1,74,0.3,0.1,0.5,4,0,6,0,6,4,,,,,,,,,,,,,,,,,,,
31,4,1,75,0.3,0.1,0.5,6,5,2,5,2,6,,,,,,,,,,,,,,,,,,,
31,4,1,76,0.3,0.1,0.5,2,4,3,4,3,2,,,,,,,,,,,,,,,,,,,
31,4,1,77,0.3,0.1,0.5,2,3,4,3,4,2,,,,,,,,,,,,,,,,,,,
31,4,1,78,0.3,0.1,0.5,3,3,5,3,5,3,,,,,,,,,,,,,,,,,,,
31,4,1,79,0.3,0.1,0.5,4,2,6,2,6,4,,,,,,,,,,,,,,,,,,,
31,4,1,80,0.3,0.1,0.5,5,1,4,1,4,5,,,,,,,,,,,,,,,,,,,
31,4,1,81,0.3,0.1,0.5,5,1,6,1,6,5,,,,,,,,,,,,,,,,,,,
31,4,1,82,0.3,0.1,0.5,6,1,2,1,2,6,,,,,,,,,,,,,,,,,,,
31,4,1,83,0.3,0.1,0.5,1,6,3,6,3,1,8,2,3,0,0,2,3,1,1,1,1,1,1,0,1,0,0,0,1
31,4,1,84,0.3,0.1,0.5,2,6,4,6,4,2,,,,,,,,,,,,,,,,,,,
31,4,1,85,0.3,0.1,0.5,2,3,6,3,6,2,,,,,,,,,,,,,,,,,,,
31,4,1,86,0.3,0.1,0.5,6,4,0,4,0,6,,,,,,,,,,,,,,,,,,,
31,4,1,87,0.3,0.1,0.5,2,5,1,5,1,2,,,,,,,,,,,,,,,,,,,
31,4,1,88,0.3,0.1,0.5,2,4,0,4,0,2,,,,,,,,,,,,,,,,,,,
31,4,1,89,0.3,0.1,0.5,2,4,1,4,1,2,,,,,,,,,,,,,,,,,,,
31,4,1,90,0.3,0.1,0.5,2,5,1,5,1,2,,,,,,,,,,,,,,,,,,,
31,4,1,91,0.3,0.1,0.5,2,4,2,4,2,2,,,,,,,,,,,,,,,,,,,
31,4,1,92,0.3,0.1,0.5,2,5,6,5,6,2,,,,,,,,,,,,,,,,,,,
31,4,1,93,0.3,0.1,0.5,3,4,3,4,3,3,9,6,5,3,3,6,5,1,0,1,1,1,0,0,0,1,1,0,0
31,4,1,94,0.3,0.1,0.5,6,5,3,5,3,6,,,,,,,,,,,,,,,,,,,
31,4,1,95,0.3,0.1,0.5,3,6,6,6,6,3,,,,,,,,,,,,,,,,,,,
31,4,1,96,0.3,0.1,0.5,6,6,1,6,1,6,,,,,,,,,,,,,,,,,,,
31,4,1,97,0.3,0.1,0.5,6,1,0,1,0,6,,,,,,,,,,,,,,,,,,,
31,4,1,98,0.3,0.1,0.5,6,2,5,2,5,6,,,,,,,,,,,,,,,,,,,
31,4,1,99,0.3,0.1,0.5,6,3,4,3,4,6,,,,,,,,,,,,,,,,,,,
31,4,1,100,0.3,0.1,0.5,6,6,3,6,3,6,,,,,,,,,,,,,,,,,,,
31,4,1,101,0.3,0.1,0.5,6,5,6,5,6,6,,,,,,,,,,,,,,,,,,,
31,4,1,102,0.3,0.1,0.5,6,5,4,5,4,6,,,,,,,,,,,,,,,,,,,
31,4,1,103,0.3,0.1,0.5,5,6,6,6,6,5,,,,,,,,,,,,,,,,,,,
31,4,1,104,0.3,0.1,0.5,5,1,1,1,1,5,10,2,4,5,5,2,4,1,0,1,1,1,0,0,0,1,1,0,0
31,4,1,105,0.3,0.1,0.5,5,6,0,6,0,5,,,,,,,,,,,,,,,,,,,
31,4,1,106,0.3,0.1,0.5,5,2,1,2,1,5,,,,,,,,,,,,,,,,,,,
31,4,1,107,0.3,0.1,0.5,5,6,1,6,1,5,,,,,,,,,,,,,,,,,,,
31,4,1,108,0.3,0.1,0.5,4,6,6,6,6,4,,,,,,,,,,,,,,,,,,,
31,4,1,109,0.3,0.1,0.5,6,3,2,3,2,6,,,,,,,,,,,,,,,,,,,
31,4,1,110,0.3,0.1,0.5,5,3,6,3,6,5,,,,,,,,,,,,,,,,,,,
31,4,1,111,0.3,0.1,0.5,5,6,6,6,6,5,,,,,,,,,,,,,,,,,,,
31,4,1,112,0.3,0.1,0.5,5,1,3,1,3,5,,,,,,,,,,,,,,,,,,,
31,4,1,113,0.3,0.1,0.5,5,1,6,1,6,5,,,,,,,,,,,,,,,,,,,
31,4,1,114,0.3,0.1,0.5,6,1,1,1,1,6,,,,,,,,,,,,,,,,,,,
31,4,1,115,0.3,0.1,0.5,1,1,6,1,6,1,,,,,,,,,,,,,,,,,,,
31,4,1,116,0.3,0.1,0.5,6,1,1,1,1,6,11,3,2,1,1,3,2,0,1,1,1,0,1,0,0,0,0,0,0
31,4,1,117,0.3,0.1,0.5,5,2,2,2,2,5,,,,,,,,,,,,,,,,,,,
31,4,1,118,0.3,0.1,0.5,6,3,1,3,1,6,,,,,,,,,,,,,,,,,,,
31,4,1,119,0.3,0.1,0.5,5,3,0,3,0,5,,,,,,,,,,,,,,,,,,,
31,4,1,120,0.3,0.1,0.5,5,3,1,3,1,5,,,,,,,,,,,,,,,,,,,
31,4,1,121,0.3,0.1,0.5,5,6,0,6,0,5,,,,,,,,,,,,,,,,,,,
31,4,1,122,0.3,0.1,0.5,6,6,6,6,6,6,,,,,,,,,,,,,,,,,,,
31,4,1,123,0.3,0.1,0.5,6,2,6,2,6,6,,,,,,,,,,,,,,,,,,,
31,4,1,124,0.3,0.1,0.5,5,1,2,1,2,5,,,,,,,,,,,,,,,,,,,
31,4,1,125,0.3,0.1,0.5,6,6,2,6,2,6,12,3,6,4,4,3,6,1,1,1,1,1,1,0,0,0,0,0,0
31,4,1,126,0.3,0.1,0.5,6,6,1,6,1,6,,,,,,,,,,,,,,,,,,,
31,4,1,127,0.3,0.1,0.5,3,1,6,1,6,3,,,,,,,,,,,,,,,,,,,
31,4,1,128,0.3,0.1,0.5,4,1,1,1,1,4,,,,,,,,,,,,,,,,,,,
31,4,1,129,0.3,0.1,0.5,4,6,0,6,0,4,,,,,,,,,,,,,,,,,,,
31,4,1,130,0.3,0.1,0.5,4,6,1,6,1,4,,,,,,,,,,,,,,,,,,,
31,4,1,131,0.3,0.1,0.5,4,1,6,1,6,4,,,,,,,,,,,,,,,,,,,
31,4,1,132,0.3,0.1,0.5,6,2,0,2,0,6,,,,,,,,,,,,,,,,,,,
31,4,1,133,0.3,0.1,0.5,5,3,5,3,5,5,,,,,,,,,,,,,,,,,,,
31,4,1,134,0.3,0.1,0.5,5,3,0,3,0,5,,,,,,,,,,,,,,,,,,,
31,4,1,135,0.3,0.1,0.5,5,4,5,4,5,5,13,3,6,6,6,3,6,1,1,1,1,1,1,0,0,0,0,0,0
31,4,1,136,0.3,0.1,0.5,5,6,6,6,6,5,,,,,,,,,,,,,,,,,,,
31,4,1,137,0.3,0.1,0.5,5,4,0,4,0,5,,,,,,,,,,,,,,,,,,,
31,4,1,138,0.3,0.1,0.5,5,5,1,5,1,5,,,,,,,,,,,,,,,,,,,
31,4,1,139,0.3,0.1,0.5,5,4,6,4,6,5,,,,,,,,,,,,,,,,,,,
31,4,1,140,0.3,0.1,0.5,6,5,1,5,1,6,,,,,,,,,,,,,,,,,,,
31,4,1,141,0.3,0.1,0.5,0,5,2,5,2,0,,,,,,,,,,,,,,,,,,,
31,4,1,142,0.3,0.1,0.5,6,6,2,6,2,6,,,,,,,,,,,,,,,,,,,
31,4,1,143,0.3,0.1,0.5,1,2,1,2,1,1,,,,,,,,,,,,,,,,,,,
31,4,1,144,0.3,0.1,0.5,6,3,6,3,6,6,,,,,,,,,,,,,,,,,,,
31,4,1,145,0.3,0.1,0.5,6,3,6,3,6,6,14,6,5,6,6,6,5,1,1,1,1,1,1,0,0,1,1,0,0
31,4,1,146,0.3,0.1,0.5,1,6,0,6,0,1,,,,,,,,,,,,,,,,,,,
31,4,1,147,0.3,0.1,0.5,6,6,6,6,6,6,,,,,,,,,,,,,,,,,,,
31,4,1,148,0.3,0.1,0.5,2,5,2,5,2,2,,,,,,,,,,,,,,,,,,,
31,4,1,149,0.3,0.1,0.5,6,4,6,4,6,6,,,,,,,,,,,,,,,,,,,
31,4,1,150,0.3,0.1,0.5,3,4,3,4,3,3,,,,,,,,,,,,,,,,,,,
31,4,1,151,0.3,0.1,0.5,4,4,6,4,6,4,,,,,,,,,,,,,,,,,,,
31,4,1,152,0.3,0.1,0.5,5,6,3,6,3,5,15,1,4,6,6,1,4,1,1,1,1,1,1,0,0,0,0,0,0
31,4,1,153,0.3,0.1,0.5,5,6,2,6,2,5,,,,,,,,,,,,,,,,,,,
31,4,1,154,0.3,0.1,0.5,6,0,3,0,3,6,,,,,,,,,,,,,,,,,,,
31,4,1,155,0.3,0.1,0.5,6,6,3,6,3,6,,,,,,,,,,,,,,,,,,,
31,4,1,156,0.3,0.1,0.5,0,0,6,0,6,0,,,,,,,,,,,,,,,,,,,
31,4,1,157,0.3,0.1,0.5,5,1,1,1,1,5,,,,,,,,,,,,,,,,,,,
31,4,1,158,0.3,0.1,0.5,4,6,2,6,2,4,,,,,,,,,,,,,,,,,,,
31,4,1,159,0.3,0.1,0.5,4,3,6,3,6,4,,,,,,,,,,,,,,,,,,,
31,4,1,160,0.3,0.1,0.5,4,3,1,3,1,4,,,,,,,,,,,,,,,,,,,
31,4,1,161,0.3,0.1,0.5,4,6,0,6,0,4,,,,,,,,,,,,,,,,,,,
31,4,1,162,0.3,0.1,0.5,4,5,6,5,6,4,,,,,,,,,,,,,,,,,,,
31,4,1,163,0.3,0.1,0.5,6,0,3,0,3,6,,,,,,,,,,,,,,,,,,,
31,4,1,164,0.3,0.1,0.5,6,5,6,5,6,6,16,6,2,0,0,6,2,1,1,1,1,1,1,0,0,0,0,0,0
31,4,1,165,0.3,0.1,0.5,6,6,6,6,6,6,,,,,,,,,,,,,,,,,,,
31,4,1,166,0.3,0.1,0.5,6,0,4,0,4,6,,,,,,,,,,,,,,,,,,,
31,4,1,167,0.3,0.1,0.5,4,0,5,0,5,4,,,,,,,,,,,,,,,,,,,
31,4,1,168,0.3,0.1,0.5,5,6,5,6,5,5,,,,,,,,,,,,,,,,,,,
31,4,1,169,0.3,0.1,0.5,6,6,6,6,6,6,,,,,,,,,,,,,,,,,,,
31,4,1,170,0.3,0.1,0.5,6,1,5,1,5,6,,,,,,,,,,,,,,,,,,,
31,4,1,171,0.3,0.1,0.5,2,2,4,2,4,2,,,,,,,,,,,,,,,,,,,
31,4,1,172,0.3,0.1,0.5,2,2,3,2,3,2,,,,,,,,,,,,,,,,,,,
31,4,1,173,0.3,0.1,0.5,3,3,6,3,6,3,,,,,,,,,,,,,,,,,,,
31,4,1,174,0.3,0.1,0.5,3,3,5,3,5,3,,,,,,,,,,,,,,,,,,,
31,4,1,175,0.3,0.1,0.5,3,3,6,3,6,3,,,,,,,,,,,,,,,,,,,
31,4,1,176,0.3,0.1,0.5,6,3,4,3,4,6,17,6,3,0,0,6,3,1,1,1,1,1,1,0,0,0,0,0,0
31,4,1,177,0.3,0.1,0.5,3,3,5,3,5,3,,,,,,,,,,,,,,,,,,,
31,4,1,178,0.3,0.1,0.5,4,6,6,6,6,4,,,,,,,,,,,,,,,,,,,
31,4,1,179,0.3,0.1,0.5,6,2,2,2,2,6,,,,,,,,,,,,,,,,,,,
31,4,1,180,0.3,0.1,0.5,5,1,1,1,1,5,,,,,,,,,,,,,,,,,,,
31,4,1,181,0.3,0.1,0.5,4,6,6,6,6,4,,,,,,,,,,,,,,,,,,,
31,4,1,182,0.3,0.1,0.5,4,1,6,1,6,4,,,,,,,,,,,,,,,,,,,
31,4,1,183,0.3,0.1,0.5,4,1,4,1,4,4,18,3,0,3,3,3,0,0,0,1,1,0,0,0,0,0,0,0,0
31,4,1,184,0.3,0.1,0.5,4,2,5,2,5,4,,,,,,,,,,,,,,,,,,,
31,4,1,185,0.3,0.1,0.5,4,2,0,2,0,4,,,,,,,,,,,,,,,,,,,
31,4,1,186,0.3,0.1,0.5,6,3,1,3,1,6,,,,,,,,,,,,,,,,,,,
31,4,1,187,0.3,0.1,0.5,6,2,6,2,6,6,,,,,,,,,,,,,,,,,,,
31,4,1,188,0.3,0.1,0.5,0,6,0,6,0,0,,,,,,,,,,,,,,,,,,,
31,4,1,189,0.3,0.1,0.5,0,3,1,3,1,0,,,,,,,,,,,,,,,,,,,
31,4,1,190,0.3,0.1,0.5,0,3,6,3,6,0,,,,,,,,,,,,,,,,,,,
31,4,1,191,0.3,0.1,0.5,0,6,4,6,4,0,,,,,,,,,,,,,,,,,,,
31,4,1,192,0.3,0.1,0.5,0,3,5,3,5,0,,,,,,,,,,,,,,,,,,,
31,4,1,193,0.3,0.1,0.5,0,4,6,4,6,0,,,,,,,,,,,,,,,,,,,
31,4,1,194,0.3,0.1,0.5,6,3,0,3,0,6,,,,,,,,,,,,,,,,,,,
31,4,1,195,0.3,0.1,0.5,4,2,0,2,0,4,,,,,,,,,,,,,,,,,,,
31,4,1,196,0.3,0.1,0.5,5,1,5,1,5,5,,,,,,,,,,,,,,,,,,,
31,4,1,197,0.3,0.1,0.5,5,1,6,1,6,5,,,,,,,,,,,,,,,,,,,
31,4,1,198,0.3,0.1,0.5,4,2,4,2,4,4,,,,,,,,,,,,,,,,,,,
31,4,1,199,0.3,0.1,0.5,5,3,5,3,5,5,,,,,,,,,,,,,,,,,,,
31,4,1,200,0.3,0.1,0.5,4,6,5,6,5,4,,,,,,,,,,,,,,,,,,,
31,5,1,1,0.3,0.1,0.5,4,3,3,3,3,4,,,,,,,,,,,,,,,,,,,
31,5,1,2,0.3,0.1,0.5,4,4,2,4,2,4,,,,,,,,,,,,,,,,,,,
31,5,1,3,0.3,0.1,0.5,5,4,3,4,3,5,,,,,,,,,,,,,,,,,,,
31,5,1,4,0.3,0.1,0.5,6,5,2,5,2,6,,,,,,,,,,,,,,,,,,,
31,5,1,5,0.3,0.1,0.5,6,5,1,5,1,6,,,,,,,,,,,,,,,,,,,
31,5,1,6,0.3,0.1,0.5,2,4,2,4,2,2,,,,,,,,,,,,,,,,,,,
31,5,1,7,0.3,0.1,0.5,2,6,2,6,2,2,,,,,,,,,,,,,,,,,,,
31,5,1,8,0.3,0.1,0.5,2,3,3,3,3,2,,,,,,,,,,,,,,,,,,,
31,5,1,9,0.3,0.1,0.5,2,3,2,3,2,2,,,,,,,,,,,,,,,,,,,
31,5,1,10,0.3,0.1,0.5,2,3,3,3,3,2,,,,,,,,,,,,,,,,,,,
31,5,1,11,0.3,0.1,0.5,2,6,3,6,3,2,,,,,,,,,,,,,,,,,,,
31,5,1,12,0.3,0.1,0.5,2,6,2,6,2,2,1,4,1,3,3,4,1,1,1,1,1,1,1,0,0,0,0,0,0
31,5,1,13,0.3,0.1,0.5,3,6,2,6,2,3,,,,,,,,,,,,,,,,,,,
31,5,1,14,0.3,0.1,0.5,6,6,1,6,1,6,,,,,,,,,,,,,,,,,,,
31,5,1,15,0.3,0.1,0.5,6,6,0,6,0,6,,,,,,,,,,,,,,,,,,,
31,5,1,16,0.3,0.1,0.5,1,6,1,6,1,1,,,,,,,,,,,,,,,,,,,
31,5,1,17,0.3,0.1,0.5,6,4,6,4,6,6,,,,,,,,,,,,,,,,,,,
31,5,1,18,0.3,0.1,0.5,6,4,6,4,6,6,,,,,,,,,,,,,,,,,,,
31,5,1,19,0.3,0.1,0.5,6,4,3,4,3,6,,,,,,,,,,,,,,,,,,,
31,5,1,20,0.3,0.1,0.5,3,6,6,6,6,3,,,,,,,,,,,,,,,,,,,
31,5,1,21,0.3,0.1,0.5,3,3,1,3,1,3,2,6,6,1,1,6,6,1,1,0,0,1,1,0,0,0,0,0,0
31,5,1,22,0.3,0.1,0.5,6,6,0,6,0,6,,,,,,,,,,,,,,,,,,,
31,5,1,23,0.3,0.1,0.5,6,5,5,5,5,6,,,,,,,,,,,,,,,,,,,
31,5,1,24,0.3,0.1,0.5,6,0,5,0,5,6,,,,,,,,,,,,,,,,,,,
31,5,1,25,0.3,0.1,0.5,1,5,0,5,0,1,,,,,,,,,,,,,,,,,,,
31,5,1,26,0.3,0.1,0.5,1,5,1,5,1,1,,,,,,,,,,,,,,,,,,,
31,5,1,27,0.3,0.1,0.5,2,6,6,6,6,2,,,,,,,,,,,,,,,,,,,
31,5,1,28,0.3,0.1,0.5,2,1,3,1,3,2,,,,,,,,,,,,,,,,,,,
31,5,1,29,0.3,0.1,0.5,2,6,6,6,6,2,,,,,,,,,,,,,,,,,,,
31,5,1,30,0.3,0.1,0.5,2,6,1,6,1,2,,,,,,,,,,,,,,,,,,,
31,5,1,31,0.3,0.1,0.5,3,3,1,3,1,3,,,,,,,,,,,,,,,,,,,
31,5,1,32,0.3,0.1,0.5,4,6,0,6,0,4,,,,,,,,,,,,,,,,,,,
31,5,1,33,0.3,0.1,0.5,4,5,1,5,1,4,,,,,,,,,,,,,,,,,,,
31,5,1,34,0.3,0.1,0.5,4,5,2,5,2,4,3,5,2,5,5,5,2,1,1,1,1,1,1,1,1,0,0,1,1
31,5,1,35,0.3,0.1,0.5,4,0,2,0,2,4,,,,,,,,,,,,,,,,,,,
31,5,1,36,0.3,0.1,0.5,6,5,6,5,6,6,,,,,,,,,,,,,,,,,,,
31,5,1,37,0.3,0.1,0.5,2,5,0,5,0,2,,,,,,,,,,,,,,,,,,,
31,5,1,38,0.3,0.1,0.5,2,6,1,6,1,2,,,,,,,,,,,,,,,,,,,
31,5,1,39,0.3,0.1,0.5,2,6,2,6,2,2,,,,,,,,,,,,,,,,,,,
31,5,1,40,0.3,0.1,0.5,3,2,1,2,1,3,,,,,,,,,,,,,,,,,,,
31,5,1,41,0.3,0.1,0.5,3,3,0,3,0,3,,,,,,,,,,,,,,,,,,,
31,5,1,42,0.3,0.1,0.5,6,3,5,3,5,6,,,,,,,,,,,,,,,,,,,
31,5,1,43,0.3,0.1,0.5,6,4,0,4,0,6,,,,,,,,,,,,,,,,,,,
31,5,1,44,0.3,0.1,0.5,6,4,5,4,5,6,,,,,,,,,,,,,,,,,,,
31,5,1,45,0.3,0.1,0.5,1,3,4,3,4,1,4,4,0,3,3,4,0,1,0,0,0,1,0,0,0,0,0,0,0
31,5,1,46,0.3,0.1,0.5,1,3,6,3,6,1,,,,,,,,,,,,,,,,,,,
31,5,1,47,0.3,0.1,0.5,6,6,5,6,5,6,,,,,,,,,,,,,,,,,,,
31,5,1,48,0.3,0.1,0.5,4,4,4,4,4,4,,,,,,,,,,,,,,,,,,,
31,5,1,49,0.3,0.1,0.5,4,5,5,5,5,4,,,,,,,,,,,,,,,,,,,
31,5,1,50,0.3,0.1,0.5,6,6,0,6,0,6,,,,,,,,,,,,,,,,,,,
31,5,1,51,0.3,0.1,0.5,6,1,1,1,1,6,,,,,,,,,,,,,,,,,,,
31,5,1,52,0.3,0.1,0.5,5,1,2,1,2,5,,,,,,,,,,,,,,,,,,,
31,5,1,53,0.3,0.1,0.5,5,6,6,6,6,5,,,,,,,,,,,,,,,,,,,
31,5,1,54,0.3,0.1,0.5,5,5,1,5,1,5,,,,,,,,,,,,,,,,,,,
31,5,1,55,0.3,0.1,0.5,6,4,2,4,2,6,5,0,4,4,4,0,4,0,0,1,1,0,0,0,0,0,0,0,0
31,5,1,56,0.3,0.1,0.5,6,6,6,6,6,6,,,,,,,,,,,,,,,,,,,
31,5,1,57,0.3,0.1,0.5,6,4,2,4,2,6,,,,,,,,,,,,,,,,,,,
31,5,1,58,0.3,0.1,0.5,6,4,6,4,6,6,,,,,,,,,,,,,,,,,,,
31,5,1,59,0.3,0.1,0.5,6,4,4,4,4,6,,,,,,,,,,,,,,,,,,,
31,5,1,60,0.3,0.1,0.5,2,6,5,6,5,2,,,,,,,,,,,,,,,,,,,
31,5,1,61,0.3,0.1,0.5,6,6,6,6,6,6,6,2,3,5,5,2,3,1,1,1,1,1,1,0,0,0,0,0,0
31,5,1,62,0.3,0.1,0.5,6,5,3,5,3,6,,,,,,,,,,,,,,,,,,,
31,5,1,63,0.3,0.1,0.5,6,6,3,6,3,6,,,,,,,,,,,,,,,,,,,
31,5,1,64,0.3,0.1,0.5,6,4,6,4,6,6,,,,,,,,,,,,,,,,,,,
31,5,1,65,0.3,0.1,0.5,1,5,6,5,6,1,,,,,,,,,,,,,,,,,,,
31,5,1,66,0.3,0.1,0.5,1,4,0,4,0,1,,,,,,,,,,,,,,,,,,,
31,5,1,67,0.3,0.1,0.5,1,6,1,6,1,1,,,,,,,,,,,,,,,,,,,
31,5,1,68,0.3,0.1,0.5,2,6,0,6,0,2,,,,,,,,,,,,,,,,,,,
31,5,1,69,0.3,0.1,0.5,2,5,5,5,5,2,,,,,,,,,,,,,,,,,,,
31,5,1,70,0.3,0.1,0.5,2,6,6,6,6,2,,,,,,,,,,,,,,,,,,,
31,5,1,71,0.3,0.1,0.5,2,6,2,6,2,2,7,6,6,3,3,6,6,1,1,1,1,1,1,1,0,0,0,1,0
31,5,1,72,0.3,0.1,0.5,2,2,1,2,1,2,,,,,,,,,,,,,,,,,,,
31,5,1,73,0.3,0.1,0.5,3,3,1,3,1,3,,,,,,,,,,,,,,,,,,,
31,5,1,74,0.3,0.1,0.5,3,4,0,4,0,3,,,,,,,,,,,,,,,,,,,
31,5,1,75,0.3,0.1,0.5,6,5,5,5,5,6,,,,,,,,,,,,,,,,,,,
31,5,1,76,0.3,0.1,0.5,6,5,0,5,0,6,,,,,,,,,,,,,,,,,,,
31,5,1,77,0.3,0.1,0.5,5,4,6,4,6,5,,,,,,,,,,,,,,,,,,,
31,5,1,78,0.3,0.1,0.5,5,6,4,6,4,5,,,,,,,,,,,,,,,,,,,
31,5,1,79,0.3,0.1,0.5,4,5,5,5,5,4,,,,,,,,,,,,,,,,,,,
31,5,1,80,0.3,0.1,0.5,5,5,6,5,6,5,,,,,,,,,,,,,,,,,,,
31,5,1,81,0.3,0.1,0.5,5,6,5,6,5,5,,,,,,,,,,,,,,,,,,,
31,5,1,82,0.3,0.1,0.5,5,2,4,2,4,5,,,,,,,,,,,,,,,,,,,
31,5,1,83,0.3,0.1,0.5,5,2,3,2,3,5,,,,,,,,,,,,,,,,,,,
31,5,1,84,0.3,0.1,0.5,5,6,6,6,6,5,,,,,,,,,,,,,,,,,,,
31,5,1,85,0.3,0.1,0.5,5,0,3,0,3,5,,,,,,,,,,,,,,,,,,,
31,5,1,86,0.3,0.1,0.5,5,6,4,6,4,5,8,2,5,3,3,2,5,1,1,0,0,1,1,0,0,0,0,0,0
31,5,1,87,0.3,0.1,0.5,6,3,3,3,3,6,,,,,,,,,,,,,,,,,,,
31,5,1,88,0.3,0.1,0.5,3,6,6,6,6,3,,,,,,,,,,,,,,,,,,,
31,5,1,89,0.3,0.1,0.5,6,4,3,4,3,6,,,,,,,,,,,,,,,,,,,
31,5,1,90,0.3,0.1,0.5,5,4,2,4,2,5,,,,,,,,,,,,,,,,,,,
31,5,1,91,0.3,0.1,0.5,5,4,1,4,1,5,9,5,6,4,4,5,6,1,1,1,1,1,1,0,0,0,0,0,0
31,5,1,92,0.3,0.1,0.5,5,5,0,5,0,5,,,,,,,,,,,,,,,,,,,
31,5,1,93,0.3,0.1,0.5,5,4,6,4,6,5,,,,,,,,,,,,,,,,,,,
31,5,1,94,0.3,0.1,0.5,5,4,0,4,0,5,,,,,,,,,,,,,,,,,,,
31,5,1,95,0.3,0.1,0.5,5,4,0,4,0,5,,,,,,,,,,,,,,,,,,,
31,5,1,96,0.3,0.1,0.5,4,5,6,5,6,4,,,,,,,,,,,,,,,,,,,
31,5,1,97,0.3,0.1,0.5,4,4,5,4,5,4,,,,,,,,,,,,,,,,,,,
31,5,1,98,0.3,0.1,0.5,4,5,4,5,4,4,,,,,,,,,,,,,,,,,,,
31,5,1,99,0.3,0.1,0.5,4,6,3,6,3,4,,,,,,,,,,,,,,,,,,,
31,5,1,100,0.3,0.1,0.5,6,6,3,6,3,6,,,,,,,,,,,,,,,,,,,
31,5,1,101,0.3,0.1,0.5,5,1,2,1,2,5,,,,,,,,,,,,,,,,,,,
31,5,1,102,0.3,0.1,0.5,5,6,6,6,6,5,,,,,,,,,,,,,,,,,,,
31,5,1,103,0.3,0.1,0.5,5,6,6,6,6,5,,,,,,,,,,,,,,,,,,,
31,5,1,104,0.3,0.1,0.5,6,6,3,6,3,6,,,,,,,,,,,,,,,,,,,
31,5,1,105,0.3,0.1,0.5,5,6,2,6,2,5,,,,,,,,,,,,,,,,,,,
31,5,1,106,0.3,0.1,0.5,5,6,6,6,6,5,10,5,2,3,3,5,2,1,1,0,0,1,1,0,0,0,0,0,0
31,5,1,107,0.3,0.1,0.5,6,5,6,5,6,6,,,,,,,,,,,,,,,,,,,
31,5,1,108,0.3,0.1,0.5,6,5,2,5,2,6,,,,,,,,,,,,,,,,,,,
31,5,1,109,0.3,0.1,0.5,6,5,1,5,1,6,,,,,,,,,,,,,,,,,,,
31,5,1,110,0.3,0.1,0.5,4,0,6,0,6,4,,,,,,,,,,,,,,,,,,,
31,5,1,111,0.3,0.1,0.5,5,6,2,6,2,5,,,,,,,,,,,,,,,,,,,
31,5,1,112,0.3,0.1,0.5,5,6,3,6,3,5,11,0,5,3,3,0,5,1,0,0,0,1,0,0,0,0,0,0,0
31,5,1,113,0.3,0.1,0.5,6,6,4,6,4,6,,,,,,,,,,,,,,,,,,,
31,5,1,114,0.3,0.1,0.5,6,3,3,3,3,6,,,,,,,,,,,,,,,,,,,
31,5,1,115,0.3,0.1,0.5,4,4,6,4,6,4,,,,,,,,,,,,,,,,,,,
31,5,1,116,0.3,0.1,0.5,4,5,0,5,0,4,,,,,,,,,,,,,,,,,,,
31,5,1,117,0.3,0.1,0.5,4,6,1,6,1,4,,,,,,,,,,,,,,,,,,,
31,5,1,118,0.3,0.1,0.5,6,0,1,0,1,6,,,,,,,,,,,,,,,,,,,
31,5,1,119,0.3,0.1,0.5,6,6,0,6,0,6,,,,,,,,,,,,,,,,,,,
31,5,1,120,0.3,0.1,0.5,4,5,1,5,1,4,,,,,,,,,,,,,,,,,,,
31,5,1,121,0.3,0.1,0.5,4,4,0,4,0,4,,,,,,,,,,,,,,,,,,,
31,5,1,122,0.3,0.1,0.5,4,4,0,4,0,4,,,,,,,,,,,,,,,,,,,
31,5,1,123,0.3,0.1,0.5,6,4,5,4,5,6,,,,,,,,,,,,,,,,,,,
31,5,1,124,0.3,0.1,0.5,6,3,6,3,6,6,12,2,4,2,2,2,4,1,1,1,1,1,1,0,0,0,0,0,0
31,5,1,125,0.3,0.1,0.5,2,4,1,4,1,2,,,,,,,,,,,,,,,,,,,
31,5,1,126,0.3,0.1,0.5,2,6,0,6,0,2,,,,,,,,,,,,,,,,,,,
31,5,1,127,0.3,0.1,0.5,3,6,5,6,5,3,,,,,,,,,,,,,,,,,,,
31,5,1,128,0.3,0.1,0.5,3,2,0,2,0,3,,,,,,,,,,,,,,,,,,,
31,5,1,129,0.3,0.1,0.5,6,2,1,2,1,6,,,,,,,,,,,,,,,,,,,
31,5,1,130,0.3,0.1,0.5,6,6,6,6,6,6,,,,,,,,,,,,,,,,,,,
31,5,1,131,0.3,0.1,0.5,6,5,6,5,6,6,,,,,,,,,,,,,,,,,,,
31,5,1,132,0.3,0.1,0.5,6,6,2,6,2,6,13,6,1,0,0,6,1,1,1,1,1,1,1,1,0,0,0,1,0
31,5,1,133,0.3,0.1,0.5,6,2,1,2,1,6,,,,,,,,,,,,,,,,,,,
31,5,1,134,0.3,0.1,0.5,6,6,2,6,2,6,,,,,,,,,,,,,,,,,,,
31,5,1,135,0.3,0.1,0.5,6,1,3,1,3,6,,,,,,,,,,,,,,,,,,,
31,5,1,136,0.3,0.1,0.5,0,6,2,6,2,0,,,,,,,,,,,,,,,,,,,
31,5,1,137,0.3,0.1,0.5,0,0,3,0,3,0,,,,,,,,,,,,,,,,,,,
31,5,1,138,0.3,0.1,0.5,0,0,4,0,4,0,,,,,,,,,,,,,,,,,,,
31,5,1,139,0.3,0.1,0.5,0,5,4,5,4,0,,,,,,,,,,,,,,,,,,,
31,5,1,140,0.3,0.1,0.5,6,4,3,4,3,6,,,,,,,,,,,,,,,,,,,
31,5,1,141,0.3,0.1,0.5,6,6,4,6,4,6,,,,,,,,,,,,,,,,,,,
31,5,1,142,0.3,0.1,0.5,6,4,3,4,3,6,,,,,,,,,,,,,,,,,,,
31,5,1,143,0.3,0.1,0.5,6,5,4,5,4,6,,,,,,,,,,,,,,,,,,,
31,5,1,144,0.3,0.1,0.5,6,6,6,6,6,6,14,5,6,2,2,5,6,1,1,1,1,1,1,0,1,0,0,0,1
31,5,1,145,0.3,0.1,0.5,4,5,3,5,3,4,,,,,,,,,,,,,,,,,,,
31,5,1,146,0.3,0.1,0.5,4,4,4,4,4,4,,,,,,,,,,,,,,,,,,,
31,5,1,147,0.3,0.1,0.5,5,4,5,4,5,5,,,,,,,,,,,,,,,,,,,
31,5,1,148,0.3,0.1,0.5,5,4,0,4,0,5,,,,,,,,,,,,,,,,,,,
31,5,1,149,0.3,0.1,0.5,4,6,0,6,0,4,,,,,,,,,,,,,,,,,,,
31,5,1,150,0.3,0.1,0.5,4,1,5,1,5,4,,,,,,,,,,,,,,,,,,,
31,5,1,151,0.3,0.1,0.5,6,2,5,2,5,6,,,,,,,,,,,,,,,,,,,
31,5,1,152,0.3,0.1,0.5,6,1,6,1,6,6,,,,,,,,,,,,,,,,,,,
31,5,1,153,0.3,0.1,0.5,0,2,3,2,3,0,,,,,,,,,,,,,,,,,,,
31,5,1,154,0.3,0.1,0.5,6,2,4,2,4,6,15,2,0,2,2,2,0,1,0,1,1,1,0,1,0,0,0,1,0
31,5,1,155,0.3,0.1,0.5,1,2,3,2,3,1,,,,,,,,,,,,,,,,,,,
31,5,1,156,0.3,0.1,0.5,1,2,4,2,4,1,,,,,,,,,,,,,,,,,,,
31,5,1,157,0.3,0.1,0.5,1,3,3,3,3,1,,,,,,,,,,,,,,,,,,,
31,5,1,158,0.3,0.1,0.5,1,2,4,2,4,1,,,,,,,,,,,,,,,,,,,
31,5,1,159,0.3,0.1,0.5,2,2,3,2,3,2,,,,,,,,,,,,,,,,,,,
31,5,1,160,0.3,0.1,0.5,3,2,6,2,6,3,,,,,,,,,,,,,,,,,,,
31,5,1,161,0.3,0.1,0.5,6,2,3,2,3,6,,,,,,,,,,,,,,,,,,,
31,5,1,162,0.3,0.1,0.5,6,3,6,3,6,6,,,,,,,,,,,,,,,,,,,
31,5,1,163,0.3,0.1,0.5,6,2,2,2,2,6,,,,,,,,,,,,,,,,,,,
31,5,1,164,0.3,0.1,0.5,2,2,6,2,6,2,,,,,,,,,,,,,,,,,,,
31,5,1,165,0.3,0.1,0.5,3,3,6,3,6,3,16,1,6,0,0,1,6,0,1,0,0,0,1,0,1,0,0,0,1
31,5,1,166,0.3,0.1,0.5,3,2,1,2,1,3,,,,,,,,,,,,,,,,,,,
31,5,1,167,0.3,0.1,0.5,3,2,2,2,2,3,,,,,,,,,,,,,,,,,,,
31,5,1,168,0.3,0.1,0.5,6,1,3,1,3,6,,,,,,,,,,,,,,,,,,,
31,5,1,169,0.3,0.1,0.5,6,0,6,0,6,6,,,,,,,,,,,,,,,,,,,
31,5,1,170,0.3,0.1,0.5,3,6,0,6,0,3,,,,,,,,,,,,,,,,,,,
31,5,1,171,0.3,0.1,0.5,4,4,6,4,6,4,,,,,,,,,,,,,,,,,,,
31,5,1,172,0.3,0.1,0.5,5,4,1,4,1,5,,,,,,,,,,,,,,,,,,,
31,5,1,173,0.3,0.1,0.5,6,6,1,6,1,6,17,2,4,2,2,2,4,1,0,1,1,1,0,0,0,0,0,0,0
31,5,1,174,0.3,0.1,0.5,6,6,2,6,2,6,,,,,,,,,,,,,,,,,,,
31,5,1,175,0.3,0.1,0.5,1,4,3,4,3,1,,,,,,,,,,,,,,,,,,,
31,5,1,176,0.3,0.1,0.5,6,4,6,4,6,6,,,,,,,,,,,,,,,,,,,
31,5,1,177,0.3,0.1,0.5,2,4,1,4,1,2,,,,,,,,,,,,,,,,,,,
31,5,1,178,0.3,0.1,0.5,3,5,2,5,2,3,,,,,,,,,,,,,,,,,,,
31,5,1,179,0.3,0.1,0.5,6,4,1,4,1,6,,,,,,,,,,,,,,,,,,,
31,5,1,180,0.3,0.1,0.5,3,4,2,4,2,3,,,,,,,,,,,,,,,,,,,
31,5,1,181,0.3,0.1,0.5,4,4,6,4,6,4,,,,,,,,,,,,,,,,,,,
31,5,1,182,0.3,0.1,0.5,5,5,5,5,5,5,,,,,,,,,,,,,,,,,,,
31,5,1,183,0.3,0.1,0.5,5,5,0,5,0,5,,,,,,,,,,,,,,,,,,,
31,5,1,184,0.3,0.1,0.5,5,0,5,0,5,5,,,,,,,,,,,,,,,,,,,
31,5,1,185,0.3,0.1,0.5,5,1,0,1,0,5,18,0,2,0,0,0,2,1,0,1,1,1,0,0,0,0,0,0,0
31,5,1,186,0.3,0.1,0.5,6,6,6,6,6,6,,,,,,,,,,,,,,,,,,,
31,5,1,187,0.3,0.1,0.5,6,0,5,0,5,6,,,,,,,,,,,,,,,,,,,
31,5,1,188,0.3,0.1,0.5,2,1,6,1,6,2,,,,,,,,,,,,,,,,,,,
31,5,1,189,0.3,0.1,0.5,2,6,2,6,2,2,,,,,,,,,,,,,,,,,,,
31,5,1,190,0.3,0.1,0.5,2,0,6,0,6,2,,,,,,,,,,,,,,,,,,,
31,5,1,191,0.3,0.1,0.5,2,6,4,6,4,2,,,,,,,,,,,,,,,,,,,
31,5,1,192,0.3,0.1,0.5,2,6,5,6,5,2,,,,,,,,,,,,,,,,,,,
31,5,1,193,0.3,0.1,0.5,2,3,5,3,5,2,,,,,,,,,,,,,,,,,,,
31,5,1,194,0.3,0.1,0.5,3,4,5,4,5,3,,,,,,,,,,,,,,,,,,,
31,5,1,195,0.3,0.1,0.5,6,3,0,3,0,6,,,,,,,,,,,,,,,,,,,
31,5,1,196,0.3,0.1,0.5,1,6,0,6,0,1,,,,,,,,,,,,,,,,,,,
31,5,1,197,0.3,0.1,0.5,6,2,1,2,1,6,,,,,,,,,,,,,,,,,,,
31,5,1,198,0.3,0.1,0.5,6,2,2,2,2,6,,,,,,,,,,,,,,,,,,,
31,5,1,199,0.3,0.1,0.5,5,2,6,2,6,5,,,,,,,,,,,,,,,,,,,
31,5,1,200,0.3,0.1,0.5,6,2,4,2,4,6,,,,,,,,,,,,,,,,,,,
31,6,1,1,0.3,0.1,0.5,0,3,5,3,5,0,,,,,,,,,,,,,,,,,,,
31,6,1,2,0.3,0.1,0.5,0,6,6,6,6,0,,,,,,,,,,,,,,,,,,,
31,6,1,3,0.3,0.1,0.5,6,1,4,1,4,6,,,,,,,,,,,,,,,,,,,
31,6,1,4,0.3,0.1,0.5,3,2,6,2,6,3,,,,,,,,,,,,,,,,,,,
31,6,1,5,0.3,0.1,0.5,3,6,2,6,2,3,,,,,,,,,,,,,,,,,,,
31,6,1,6,0.3,0.1,0.5,3,6,3,6,3,3,,,,,,,,,,,,,,,,,,,
31,6,1,7,0.3,0.1,0.5,6,6,2,6,2,6,,,,,,,,,,,,,,,,,,,
31,6,1,8,0.3,0.1,0.5,6,4,1,4,1,6,,,,,,,,,,,,,,,,,,,
31,6,1,9,0.3,0.1,0.5,6,6,2,6,2,6,,,,,,,,,,,,,,,,,,,
31,6,1,10,0.3,0.1,0.5,6,6,2,6,2,6,,,,,,,,,,,,,,,,,,,
31,6,1,11,0.3,0.1,0.5,1,0,2,0,2,1,,,,,,,,,,,,,,,,,,,
31,6,1,12,0.3,0.1,0.5,2,6,6,6,6,2,1,5,0,4,4,5,0,1,1,0,0,1,1,0,0,0,0,0,0
31,6,1,13,0.3,0.1,0.5,2,2,5,2,5,2,,,,,,,,,,,,,,,,,,,
31,6,1,14,0.3,0.1,0.5,2,2,6,2,6,2,,,,,,,,,,,,,,,,,,,
31,6,1,15,0.3,0.1,0.5,3,3,3,3,3,3,,,,,,,,,,,,,,,,,,,
31,6,1,16,0.3,0.1,0.5,3,3,4,3,4,3,,,,,,,,,,,,,,,,,,,
31,6,1,17,0.3,0.1,0.5,3,2,5,2,5,3,,,,,,,,,,,,,,,,,,,
31,6,1,18,0.3,0.1,0.5,4,2,0,2,0,4,,,,,,,,,,,,,,,,,,,
31,6,1,19,0.3,0.1,0.5,6,2,5,2,5,6,,,,,,,,,,,,,,,,,,,
31,6,1,20,0.3,0.1,0.5,6,6,6,6,6,6,,,,,,,,,,,,,,,,,,,
31,6,1,21,0.3,0.1,0.5,6,3,3,3,3,6,,,,,,,,,,,,,,,,,,,
31,6,1,22,0.3,0.1,0.5,2,3,6,3,6,2,,,,,,,,,,,,,,,,,,,
31,6,1,23,0.3,0.1,0.5,2,6,2,6,2,2,,,,,,,,,,,,,,,,,,,
31,6,1,24,0.3,0.1,0.5,2,6,2,6,2,2,2,5,3,0,0,5,3,1,1,0,0,1,1,0,0,0,0,0,0
31,6,1,25,0.3,0.1,0.5,6,6,6,6,6,6,,,,,,,,,,,,,,,,,,,
31,6,1,26,0.3,0.1,0.5,5,3,1,3,1,5,,,,,,,,,,,,,,,,,,,
31,6,1,27,0.3,0.1,0.5,5,4,0,4,0,5,,,,,,,,,,,,,,,,,,,
31,6,1,28,0.3,0.1,0.5,5,6,1,6,1,5,,,,,,,,,,,,,,,,,,,
31,6,1,29,0.3,0.1,0.5,5,0,6,0,6,5,,,,,,,,,,,,,,,,,,,
31,6,1,30,0.3,0.1,0.5,5,5,5,5,5,5,,,,,,,,,,,,,,,,,,,
31,6,1,31,0.3,0.1,0.5,5,4,6,4,6,5,,,,,,,,,,,,,,,,,,,
31,6,1,32,0.3,0.1,0.5,5,6,4,6,4,5,,,,,,,,,,,,,,,,,,,
31,6,1,33,0.3,0.1,0.5,6,3,5,3,5,6,,,,,,,,,,,,,,,,,,,
31,6,1,34,0.3,0.1,0.5,6,3,6,3,6,6,3,3,3,3,3,3,3,1,1,1,1,1,1,1,0,0,0,1,0
31,6,1,35,0.3,0.1,0.5,6,3,2,3,2,6,,,,,,,,,,,,,,,,,,,
31,6,1,36,0.3,0.1,0.5,3,6,6,6,6,3,,,,,,,,,,,,,,,,,,,
31,6,1,37,0.3,0.1,0.5,6,3,1,3,1,6,,,,,,,,,,,,,,,,,,,
31,6,1,38,0.3,0.1,0.5,6,6,1,6,1,6,,,,,,,,,,,,,,,,,,,
31,6,1,39,0.3,0.1,0.5,3,5,0,5,0,3,,,,,,,,,,,,,,,,,,,
31,6,1,40,0.3,0.1,0.5,3,6,1,6,1,3,,,,,,,,,,,,,,,,,,,
31,6,1,41,0.3,0.1,0.5,6,3,2,3,2,6,4,4,0,4,4,4,0,1,0,1,1,1,0,0,0,0,0,0,0
31,6,1,42,0.3,0.1,0.5,3,4,1,4,1,3,,,,,,,,,,,,,,,,,,,
31,6,1,43,0.3,0.1,0.5,6,6,0,6,0,6,,,,,,,,,,,,,,,,,,,
31,6,1,44,0.3,0.1,0.5,6,3,6,3,6,6,,,,,,,,,,,,,,,,,,,
31,6,1,45,0.3,0.1,0.5,5,6,1,6,1,5,,,,,,,,,,,,,,,,,,,
31,6,1,46,0.3,0.1,0.5,4,4,1,4,1,4,,,,,,,,,,,,,,,,,,,
31,6,1,47,0.3,0.1,0.5,6,4,2,4,2,6,,,,,,,,,,,,,,,,,,,
31,6,1,48,0.3,0.1,0.5,6,4,3,4,3,6,,,,,,,,,,,,,,,,,,,
31,6,1,49,0.3,0.1,0.5,6,3,2,3,2,6,,,,,,,,,,,,,,,,,,,
31,6,1,50,0.3,0.1,0.5,5,3,2,3,2,5,,,,,,,,,,,,,,,,,,,
31,6,1,51,0.3,0.1,0.5,4,4,2,4,2,4,,,,,,,,,,,,,,,,,,,
31,6,1,52,0.3,0.1,0.5,5,4,6,4,6,5,,,,,,,,,,,,,,,,,,,
31,6,1,53,0.3,0.1,0.5,6,6,4,6,4,6,,,,,,,,,,,,,,,,,,,
31,6,1,54,0.3,0.1,0.5,2,0,5,0,5,2,,,,,,,,,,,,,,,,,,,
31,6,1,55,0.3,0.1,0.5,2,0,4,0,4,2,5,6,6,6,6,6,6,1,1,1,1,1,1,0,0,0,0,0,0
31,6,1,56,0.3,0.1,0.5,3,0,6,0,6,3,,,,,,,,,,,,,,,,,,,
31,6,1,57,0.3,0.1,0.5,3,0,0,0,0,3,,,,,,,,,,,,,,,,,,,
31,6,1,58,0.3,0.1,0.5,6,6,6,6,6,6,,,,,,,,,,,,,,,,,,,
31,6,1,59,0.3,0.1,0.5,2,6,6,6,6,2,,,,,,,,,,,,,,,,,,,
31,6,1,60,0.3,0.1,0.5,6,0,5,0,5,6,,,,,,,,,,,,,,,,,,,
31,6,1,61,0.3,0.1,0.5,4,6,0,6,0,4,6,1,6,1,1,1,6,1,1,0,0,1,1,0,0,0,0,0,0
31,6,1,62,0.3,0.1,0.5,5,6,1,6,1,5,,,,,,,,,,,,,,,,,,,
31,6,1,63,0.3,0.1,0.5,4,6,1,6,1,4,,,,,,,,,,,,,,,,,,,
31,6,1,64,0.3,0.1,0.5,4,6,2,6,2,4,,,,,,,,,,,,,,,,,,,
31,6,1,65,0.3,0.1,0.5,5,4,1,4,1,5,,,,,,,,,,,,,,,,,,,
31,6,1,66,0.3,0.1,0.5,6,6,1,6,1,6,,,,,,,,,,,,,,,,,,,
31,6,1,67,0.3,0.1,0.5,5,4,2,4,2,5,,,,,,,,,,,,,,,,,,,
31,6,1,68,0.3,0.1,0.5,4,5,1,5,1,4,,,,,,,,,,,,,,,,,,,
31,6,1,69,0.3,0.1,0.5,4,5,2,5,2,4,,,,,,,,,,,,,,,,,,,
31,6,1,70,0.3,0.1,0.5,4,4,1,4,1,4,,,,,,,,,,,,,,,,,,,
31,6,1,71,0.3,0.1,0.5,4,4,6,4,6,4,,,,,,,,,,,,,,,,,,,
31,6,1,72,0.3,0.1,0.5,4,6,4,6,4,4,,,,,,,,,,,,,,,,,,,
31,6,1,73,0.3,0.1,0.5,4,6,6,6,6,4,7,4,3,0,0,4,3,1,1,0,0,1,1,0,0,0,0,0,0
31,6,1,74,0.3,0.1,0.5,4,5,3,5,3,4,,,,,,,,,,,,,,,,,,,
31,6,1,75,0.3,0.1,0.5,6,0,2,0,2,6,,,,,,,,,,,,,,,,,,,
31,6,1,76,0.3,0.1,0.5,6,6,1,6,1,6,,,,,,,,,,,,,,,,,,,
31,6,1,77,0.3,0.1,0.5,6,3,1,3,1,6,,,,,,,,,,,,,,,,,,,
31,6,1,78,0.3,0.1,0.5,4,6,0,6,0,4,,,,,,,,,,,,,,,,,,,
31,6,1,79,0.3,0.1,0.5,4,1,5,1,5,4,,,,,,,,,,,,,,,,,,,
31,6,1,80,0.3,0.1,0.5,6,2,0,2,0,6,,,,,,,,,,,,,,,,,,,
31,6,1,81,0.3,0.1,0.5,6,2,1,2,1,6,,,,,,,,,,,,,,,,,,,
31,6,1,82,0.3,0.1,0.5,2,2,0,2,0,2,8,1,0,3,3,1,0,1,1,1,1,1,1,0,1,0,0,0,1
31,6,1,83,0.3,0.1,0.5,3,1,1,1,1,3,,,,,,,,,,,,,,,,,,,
31,6,1,84,0.3,0.1,0.5,3,0,0,0,0,3,,,,,,,,,,,,,,,,,,,
31,6,1,85,0.3,0.1,0.5,6,0,5,0,5,6,,,,,,,,,,,,,,,,,,,
31,6,1,86,0.3,0.1,0.5,6,0,4,0,4,6,,,,,,,,,,,,,,,,,,,
31,6,1,87,0.3,0.1,0.5,0,5,5,5,5,0,,,,,,,,,,,,,,,,,,,
31,6,1,88,0.3,0.1,0.5,6,4,0,4,0,6,,,,,,,,,,,,,,,,,,,
31,6,1,89,0.3,0.1,0.5,6,4,0,4,0,6,,,,,,,,,,,,,,,,,,,
31,6,1,90,0.3,0.1,0.5,4,5,5,5,5,4,,,,,,,,,,,,,,,,,,,
31,6,1,91,0.3,0.1,0.5,5,0,4,0,4,5,9,3,3,0,0,3,3,0,1,1,1,0,1,0,0,0,0,0,0
31,6,1,92,0.3,0.1,0.5,5,6,5,6,5,5,,,,,,,,,,,,,,,,,,,
31,6,1,93,0.3,0.1,0.5,6,6,6,6,6,6,,,,,,,,,,,,,,,,,,,
31,6,1,94,0.3,0.1,0.5,6,4,4,4,4,6,,,,,,,,,,,,,,,,,,,
31,6,1,95,0.3,0.1,0.5,6,5,4,5,4,6,,,,,,,,,,,,,,,,,,,
31,6,1,96,0.3,0.1,0.5,0,6,5,6,5,0,,,,,,,,,,,,,,,,,,,
31,6,1,97,0.3,0.1,0.5,0,6,4,6,4,0,,,,,,,,,,,,,,,,,,,
31,6,1,98,0.3,0.1,0.5,0,3,6,3,6,0,,,,,,,,,,,,,,,,,,,
31,6,1,99,0.3,0.1,0.5,6,2,0,2,0,6,,,,,,,,,,,,,,,,,,,
31,6,1,100,0.3,0.1,0.5,2,3,0,3,0,2,,,,,,,,,,,,,,,,,,,
31,6,1,101,0.3,0.1,0.5,2,4,6,4,6,2,10,5,6,6,6,5,6,1,1,1,1,1,1,0,1,0,0,0,1
31,6,1,102,0.3,0.1,0.5,6,4,0,4,0,6,,,,,,,,,,,,,,,,,,,
31,6,1,103,0.3,0.1,0.5,5,5,6,5,6,5,,,,,,,,,,,,,,,,,,,
31,6,1,104,0.3,0.1,0.5,5,5,2,5,2,5,,,,,,,,,,,,,,,,,,,
31,6,1,105,0.3,0.1,0.5,4,5,6,5,6,4,,,,,,,,,,,,,,,,,,,
31,6,1,106,0.3,0.1,0.5,6,4,4,4,4,6,,,,,,,,,,,,,,,,,,,
31,6,1,107,0.3,0.1,0.5,0,6,5,6,5,0,,,,,,,,,,,,,,,,,,,
31,6,1,108,0.3,0.1,0.5,6,3,6,3,6,6,,,,,,,,,,,,,,,,,,,
31,6,1,109,0.3,0.1,0.5,4,3,6,3,6,4,,,,,,,,,,,,,,,,,,,
31,6,1,110,0.3,0.1,0.5,5,4,1,4,1,5,,,,,,,,,,,,,,,,,,,
31,6,1,111,0.3,0.1,0.5,5,6,6,6,6,5,,,,,,,,,,,,,,,,,,,
31,6,1,112,0.3,0.1,0.5,5,4,0,4,0,5,,,,,,,,,,,,,,,,,,,
31,6,1,113,0.3,0.1,0.5,4,6,1,6,1,4,11,5,1,5,5,5,1,1,1,1,1,1,1,0,1,0,0,0,1
31,6,1,114,0.3,0.1,0.5,4,6,6,6,6,4,,,,,,,,,,,,,,,,,,,
31,6,1,115,0.3,0.1,0.5,5,0,3,0,3,5,,,,,,,,,,,,,,,,,,,
31,6,1,116,0.3,0.1,0.5,4,6,2,6,2,4,,,,,,,,,,,,,,,,,,,
31,6,1,117,0.3,0.1,0.5,4,3,1,3,1,4,,,,,,,,,,,,,,,,,,,
31,6,1,118,0.3,0.1,0.5,4,4,0,4,0,4,,,,,,,,,,,,,,,,,,,
31,6,1,119,0.3,0.1,0.5,4,6,1,6,1,4,,,,,,,,,,,,,,,,,,,
31,6,1,120,0.3,0.1,0.5,5,1,0,1,0,5,,,,,,,,,,,,,,,,,,,
31,6,1,121,0.3,0.1,0.5,5,2,6,2,6,5,,,,,,,,,,,,,,,,,,,
31,6,1,122,0.3,0.1,0.5,4,2,3,2,3,4,,,,,,,,,,,,,,,,,,,
31,6,1,123,0.3,0.1,0.5,4,6,2,6,2,4,,,,,,,,,,,,,,,,,,,
31,6,1,124,0.3,0.1,0.5,4,3,1,3,1,4,,,,,,,,,,,,,,,,,,,
31,6,1,125,0.3,0.1,0.5,4,2,0,2,0,4,12,6,4,0,0,6,4,1,0,0,0,1,0,0,0,0,0,0,0
31,6,1,126,0.3,0.1,0.5,6,2,6,2,6,6,,,,,,,,,,,,,,,,,,,
31,6,1,127,0.3,0.1,0.5,6,3,6,3,6,6,,,,,,,,,,,,,,,,,,,
31,6,1,128,0.3,0.1,0.5,6,6,3,6,3,6,,,,,,,,,,,,,,,,,,,
31,6,1,129,0.3,0.1,0.5,3,4,4,4,4,3,,,,,,,,,,,,,,,,,,,
31,6,1,130,0.3,0.1,0.5,3,5,3,5,3,3,,,,,,,,,,,,,,,,,,,
31,6,1,131,0.3,0.1,0.5,6,5,2,5,2,6,,,,,,,,,,,,,,,,,,,
31,6,1,132,0.3,0.1,0.5,2,6,3,6,3,2,13,4,6,5,5,4,6,1,1,0,0,1,1,0,0,0,0,0,0
31,6,1,133,0.3,0.1,0.5,2,6,6,6,6,2,,,,,,,,,,,,,,,,,,,
31,6,1,134,0.3,0.1,0.5,6,0,4,0,4,6,,,,,,,,,,,,,,,,,,,
31,6,1,135,0.3,0.1,0.5,6,6,3,6,3,6,,,,,,,,,,,,,,,,,,,
31,6,1,136,0.3,0.1,0.5,6,6,2,6,2,6,,,,,,,,,,,,,,,,,,,
31,6,1,137,0.3,0.1,0.5,6,5,6,5,6,6,,,,,,,,,,,,,,,,,,,
31,6,1,138,0.3,0.1,0.5,2,6,5,6,5,2,,,,,,,,,,,,,,,,,,,
31,6,1,139,0.3,0.1,0.5,2,6,6,6,6,2,,,,,,,,,,,,,,,,,,,
31,6,1,140,0.3,0.1,0.5,3,4,1,4,1,3,,,,,,,,,,,,,,,,,,,
31,6,1,141,0.3,0.1,0.5,4,5,2,5,2,4,,,,,,,,,,,,,,,,,,,
31,6,1,142,0.3,0.1,0.5,5,4,1,4,1,5,,,,,,,,,,,,,,,,,,,
31,6,1,143,0.3,0.1,0.5,4,4,1,4,1,4,14,0,2,3,3,0,2,0,1,1,1,0,1,0,0,0,0,0,0
31,6,1,144,0.3,0.1,0.5,4,5,2,5,2,4,,,,,,,,,,,,,,,,,,,
31,6,1,145,0.3,0.1,0.5,4,4,3,4,3,4,,,,,,,,,,,,,,,,,,,
31,6,1,146,0.3,0.1,0.5,4,5,2,5,2,4,,,,,,,,,,,,,,,,,,,
31,6,1,147,0.3,0.1,0.5,5,4,6,4,6,5,,,,,,,,,,,,,,,,,,,
31,6,1,148,0.3,0.1,0.5,6,4,4,4,4,6,,,,,,,,,,,,,,,,,,,
31,6,1,149,0.3,0.1,0.5,6,3,3,3,3,6,,,,,,,,,,,,,,,,,,,
31,6,1,150,0.3,0.1,0.5,4,4,3,4,3,4,,,,,,,,,,,,,,,,,,,
31,6,1,151,0.3,0.1,0.5,6,5,4,5,4,6,,,,,,,,,,,,,,,,,,,
31,6,1,152,0.3,0.1,0.5,6,6,3,6,3,6,,,,,,,,,,,,,,,,,,,
31,6,1,153,0.3,0.1,0.5,4,1,2,1,2,4,15,4,2,3,3,4,2,0,1,1,1,0,1,0,1,0,0,0,1
31,6,1,154,0.3,0.1,0.5,6,1,2,1,2,6,,,,,,,,,,,,,,,,,,,
31,6,1,155,0.3,0.1,0.5,6,1,3,1,3,6,,,,,,,,,,,,,,,,,,,
31,6,1,156,0.3,0.1,0.5,0,1,4,1,4,0,,,,,,,,,,,,,,,,,,,
31,6,1,157,0.3,0.1,0.5,0,1,4,1,4,0,,,,,,,,,,,,,,,,,,,
31,6,1,158,0.3,0.1,0.5,0,2,6,2,6,0,,,,,,,,,,,,,,,,,,,
31,6,1,159,0.3,0.1,0.5,0,2,3,2,3,0,,,,,,,,,,,,,,,,,,,
31,6,1,160,0.3,0.1,0.5,0,3,2,3,2,0,,,,,,,,,,,,,,,,,,,
31,6,1,161,0.3,0.1,0.5,5,6,2,6,2,5,,,,,,,,,,,,,,,,,,,
31,6,1,162,0.3,0.1,0.5,5,6,1,6,1,5,16,0,0,2,2,0,0,1,1,0,0,1,1,0,0,0,0,0,0
31,6,1,163,0.3,0.1,0.5,6,1,2,1,2,6,,,,,,,,,,,,,,,,,,,
31,6,1,164,0.3,0.1,0.5,0,2,6,2,6,0,,,,,,,,,,,,,,,,,,,
31,6,1,165,0.3,0.1,0.5,6,2,6,2,6,6,,,,,,,,,,,,,,,,,,,
31,6,1,166,0.3,0.1,0.5,6,2,1,2,1,6,,,,,,,,,,,,,,,,,,,
31,6,1,167,0.3,0.1,0.5,4,6,2,6,2,4,,,,,,,,,,,,,,,,,,,
31,6,1,168,0.3,0.1,0.5,4,6,1,6,1,4,,,,,,,,,,,,,,,,,,,
31,6,1,169,0.3,0.1,0.5,4,1,0,1,0,4,,,,,,,,,,,,,,,,,,,
31,6,1,170,0.3,0.1,0.5,4,1,5,1,5,4,,,,,,,,,,,,,,,,,,,
31,6,1,171,0.3,0.1,0.5,5,6,0,6,0,5,,,,,,,,,,,,,,,,,,,
31,6,1,172,0.3,0.1,0.5,5,5,1,5,1,5,17,3,5,2,2,3,5,0,0,0,0,0,0,0,0,0,0,0,0
31,6,1,173,0.3,0.1,0.5,5,6,0,6,0,5,,,,,,,,,,,,,,,,,,,
31,6,1,174,0.3,0.1,0.5,5,6,1,6,1,5,,,,,,,,,,,,,,,,,,,
31,6,1,175,0.3,0.1,0.5,5,1,1,1,1,5,,,,,,,,,,,,,,,,,,,
31,6,1,176,0.3,0.1,0.5,4,2,6,2,6,4,,,,,,,,,,,,,,,,,,,
31,6,1,177,0.3,0.1,0.5,6,6,4,6,4,6,,,,,,,,,,,,,,,,,,,
31,6,1,178,0.3,0.1,0.5,5,2,5,2,5,5,,,,,,,,,,,,,,,,,,,
31,6,1,179,0.3,0.1,0.5,5,6,0,6,0,5,,,,,,,,,,,,,,,,,,,
31,6,1,180,0.3,0.1,0.5,5,6,1,6,1,5,,,,,,,,,,,,,,,,,,,
31,6,1,181,0.3,0.1,0.5,5,2,6,2,6,5,,,,,,,,,,,,,,,,,,,
31,6,1,182,0.3,0.1,0.5,5,6,5,6,5,5,,,,,,,,,,,,,,,,,,,
31,6,1,183,0.3,0.1,0.5,5,0,4,0,4,5,,,,,,,,,,,,,,,,,,,
31,6,1,184,0.3,0.1,0.5,6,0,3,0,3,6,,,,,,,,,,,,,,,,,,,
31,6,1,185,0.3,0.1,0.5,0,6,2,6,2,0,,,,,,,,,,,,,,,,,,,
31,6,1,186,0.3,0.1,0.5,6,6,3,6,3,6,18,6,6,4,4,6,6,1,1,1,1,1,1,1,0,0,0,1,0
31,6,1,187,0.3,0.1,0.5,0,1,2,1,2,0,,,,,,,,,,,,,,,,,,,
31,6,1,188,0.3,0.1,0.5,0,1,1,1,1,0,,,,,,,,,,,,,,,,,,,
31,6,1,189,0.3,0.1,0.5,0,1,6,1,6,0,,,,,,,,,,,,,,,,,,,
31,6,1,190,0.3,0.1,0.5,0,1,3,1,3,0,,,,,,,,,,,,,,,,,,,
31,6,1,191,0.3,0.1,0.5,0,1,2,1,2,0,,,,,,,,,,,,,,,,,,,
31,6,1,192,0.3,0.1,0.5,0,2,2,2,2,0,,,,,,,,,,,,,,,,,,,
31,6,1,193,0.3,0.1,0.5,5,3,2,3,2,5,,,,,,,,,,,,,,,,,,,
31,6,1,194,0.3,0.1,0.5,5,3,3,3,3,5,,,,,,,,,,,,,,,,,,,
31,6,1,195,0.3,0.1,0.5,4,4,2,4,2,4,,,,,,,,,,,,,,,,,,,
31,6,1,196,0.3,0.1,0.5,6,5,1,5,1,6,,,,,,,,,,,,,,,,,,,
31,6,1,197,0.3,0.1,0.5,6,4,1,4,1,6,,,,,,,,,,,,,,,,,,,
31,6,1,198,0.3,0.1,0.5,6,6,0,6,0,6,,,,,,,,,,,,,,,,,,,
31,6,1,199,0.3,0.1,0.5,5,6,0,6,0,5,,,,,,,,,,,,,,,,,,,
31,6,1,200,0.3,0.1,0.5,6,2,5,2,5,6,,,,,,,,,,,,,,,,,,,
31,7,1,1,0.3,0.1,0.5,0,3,6,3,6,0,,,,,,,,,,,,,,,,,,,
31,7,1,2,0.3,0.1,0.5,5,3,1,3,1,5,,,,,,,,,,,,,,,,,,,
31,7,1,3,0.3,0.1,0.5,4,6,2,6,2,4,,,,,,,,,,,,,,,,,,,
31,7,1,4,0.3,0.1,0.5,5,5,6,5,6,5,,,,,,,,,,,,,,,,,,,
31,7,1,5,0.3,0.1,0.5,5,4,5,4,5,5,,,,,,,,,,,,,,,,,,,
31,7,1,6,0.3,0.1,0.5,5,5,6,5,6,5,,,,,,,,,,,,,,,,,,,
31,7,1,7,0.3,0.1,0.5,6,5,5,5,5,6,,,,,,,,,,,,,,,,,,,
31,7,1,8,0.3,0.1,0.5,6,4,6,4,6,6,,,,,,,,,,,,,,,,,,,
31,7,1,9,0.3,0.1,0.5,6,3,5,3,5,6,,,,,,,,,,,,,,,,,,,
31,7,1,10,0.3,0.1,0.5,0,4,0,4,0,0,,,,,,,,,,,,,,,,,,,
31,7,1,11,0.3,0.1,0.5,6,5,5,5,5,6,,,,,,,,,,,,,,,,,,,
31,7,1,12,0.3,0.1,0.5,1,5,0,5,0,1,,,,,,,,,,,,,,,,,,,
31,7,1,13,0.3,0.1,0.5,1,5,6,5,6,1,,,,,,,,,,,,,,,,,,,
31,7,1,14,0.3,0.1,0.5,6,4,1,4,1,6,1,4,2,4,4,4,2,1,1,1,1,1,1,1,0,0,0,1,0
31,7,1,15,0.3,0.1,0.5,6,3,0,3,0,6,,,,,,,,,,,,,,,,,,,
31,7,1,16,0.3,0.1,0.5,6,3,6,3,6,6,,,,,,,,,,,,,,,,,,,
31,7,1,17,0.3,0.1,0.5,0,3,1,3,1,0,,,,,,,,,,,,,,,,,,,
31,7,1,18,0.3,0.1,0.5,0,2,6,2,6,0,,,,,,,,,,,,,,,,,,,
31,7,1,19,0.3,0.1,0.5,0,6,3,6,3,0,,,,,,,,,,,,,,,,,,,
31,7,1,20,0.3,0.1,0.5,0,6,2,6,2,0,,,,,,,,,,,,,,,,,,,
31,7,1,21,0.3,0.1,0.5,0,6,1,6,1,0,,,,,,,,,,,,,,,,,,,
31,7,1,22,0.3,0.1,0.5,5,6,2,6,2,5,,,,,,,,,,,,,,,,,,,
31,7,1,23,0.3,0.1,0.5,4,2,6,2,6,4,,,,,,,,,,,,,,,,,,,
31,7,1,24,0.3,0.1,0.5,4,3,5,3,5,4,,,,,,,,,,,,,,,,,,,
31,7,1,25,0.3,0.1,0.5,4,6,0,6,0,4,2,4,2,5,5,4,2,1,0,1,1,1,0,0,0,0,0,0,0
31,7,1,26,0.3,0.1,0.5,4,1,0,1,0,4,,,,,,,,,,,,,,,,,,,
31,7,1,27,0.3,0.1,0.5,4,2,1,2,1,4,,,,,,,,,,,,,,,,,,,
31,7,1,28,0.3,0.1,0.5,6,2,1,2,1,6,,,,,,,,,,,,,,,,,,,
31,7,1,29,0.3,0.1,0.5,6,1,0,1,0,6,,,,,,,,,,,,,,,,,,,
31,7,1,30,0.3,0.1,0.5,6,6,1,6,1,6,,,,,,,,,,,,,,,,,,,
31,7,1,31,0.3,0.1,0.5,6,0,6,0,6,6,,,,,,,,,,,,,,,,,,,
31,7,1,32,0.3,0.1,0.5,3,6,0,6,0,3,,,,,,,,,,,,,,,,,,,
31,7,1,33,0.3,0.1,0.5,6,2,1,2,1,6,,,,,,,,,,,,,,,,,,,
31,7,1,34,0.3,0.1,0.5,6,2,2,2,2,6,,,,,,,,,,,,,,,,,,,
31,7,1,35,0.3,0.1,0.5,6,6,1,6,1,6,,,,,,,,,,,,,,,,,,,
31,7,1,36,0.3,0.1,0.5,6,4,0,4,0,6,3,3,2,3,3,3,2,1,0,1,1,1,0,0,0,0,0,0,0
31,7,1,37,0.3,0.1,0.5,6,5,0,5,0,6,,,,,,,,,,,,,,,,,,,
31,7,1,38,0.3,0.1,0.5,5,4,0,4,0,5,,,,,,,,,,,,,,,,,,,
31,7,1,39,0.3,0.1,0.5,4,5,6,5,6,4,,,,,,,,,,,,,,,,,,,
31,7,1,40,0.3,0.1,0.5,4,0,5,0,5,4,,,,,,,,,,,,,,,,,,,
31,7,1,41,0.3,0.1,0.5,6,6,4,6,4,6,,,,,,,,,,,,,,,,,,,
31,7,1,42,0.3,0.1,0.5,6,5,4,5,4,6,,,,,,,,,,,,,,,,,,,
31,7,1,43,0.3,0.1,0.5,2,6,4,6,4,2,,,,,,,,,,,,,,,,,,,
31,7,1,44,0.3,0.1,0.5,6,3,6,3,6,6,,,,,,,,,,,,,,,,,,,
31,7,1,45,0.3,0.1,0.5,6,3,1,3,1,6,4,1,2,1,1,1,2,0,1,1,1,0,1,0,0,0,0,0,0
31,7,1,46,0.3,0.1,0.5,6,2,6,2,6,6,,,,,,,,,,,,,,,,,,,
31,7,1,47,0.3,0.1,0.5,6,2,3,2,3,6,,,,,,,,,,,,,,,,,,,
31,7,1,48,0.3,0.1,0.5,6,3,6,3,6,6,,,,,,,,,,,,,,,,,,,
31,7,1,49,0.3,0.1,0.5,0,3,5,3,5,0,,,,,,,,,,,,,,,,,,,
31,7,1,50,0.3,0.1,0.5,0,3,0,3,0,0,,,,,,,,,,,,,,,,,,,
31,7,1,51,0.3,0.1,0.5,6,6,5,6,5,6,,,,,,,,,,,,,,,,,,,
31,7,1,52,0.3,0.1,0.5,6,5,6,5,6,6,,,,,,,,,,,,,,,,,,,
31,7,1,53,0.3,0.1,0.5,6,6,5,6,5,6,5,1,6,3,3,1,6,1,1,1,1,1,1,0,0,0,0,0,0
31,7,1,54,0.3,0.1,0.5,6,0,0,0,0,6,,,,,,,,,,,,,,,,,,,
31,7,1,55,0.3,0.1,0.5,6,6,6,6,6,6,,,,,,,,,,,,,,,,,,,
31,7,1,56,0.3,0.1,0.5,6,6,3,6,3,6,,,,,,,,,,,,,,,,,,,
31,7,1,57,0.3,0.1,0.5,6,3,4,3,4,6,,,,,,,,,,,,,,,,,,,
31,7,1,58,0.3,0.1,0.5,6,4,6,4,6,6,,,,,,,,,,,,,,,,,,,
31,7,1,59,0.3,0.1,0.5,6,5,1,5,1,6,,,,,,,,,,,,,,,,,,,
31,7,1,60,0.3,0.1,0.5,6,6,0,6,0,6,,,,,,,,,,,,,,,,,,,
31,7,1,61,0.3,0.1,0.5,6,6,6,6,6,6,,,,,,,,,,,,,,,,,,,
31,7,1,62,0.3,0.1,0.5,4,6,4,6,4,4,,,,,,,,,,,,,,,,,,,
31,7,1,63,0.3,0.1,0.5,5,6,5,6,5,5,,,,,,,,,,,,,,,,,,,
31,7,1,64,0.3,0.1,0.5,4,4,6,4,6,4,,,,,,,,,,,,,,,,,,,
31,7,1,65,0.3,0.1,0.5,6,5,0,5,0,6,6,0,2,5,5,0,2,1,0,1,1,1,0,0,0,0,0,0,0
31,7,1,66,0.3,0.1,0.5,1,5,5,5,5,1,,,,,,,,,,,,,,,,,,,
31,7,1,67,0.3,0.1,0.5,1,6,0,6,0,1,,,,,,,,,,,,,,,,,,,
31,7,1,68,0.3,0.1,0.5,1,3,5,3,5,1,,,,,,,,,,,,,,,,,,,
31,7,1,69,0.3,0.1,0.5,1,4,6,4,6,1,,,,,,,,,,,,,,,,,,,
31,7,1,70,0.3,0.1,0.5,6,5,0,5,0,6,,,,,,,,,,,,,,,,,,,
31,7,1,71,0.3,0.1,0.5,6,0,6,0,6,6,,,,,,,,,,,,,,,,,,,
31,7,1,72,0.3,0.1,0.5,6,0,0,0,0,6,,,,,,,,,,,,,,,,,,,
31,7,1,73,0.3,0.1,0.5,6,1,5,1,5,6,7,4,3,5,5,4,3,0,0,1,1,0,0,0,0,0,0,0,0
31,7,1,74,0.3,0.1,0.5,4,6,0,6,0,4,,,,,,,,,,,,,,,,,,,
31,7,1,75,0.3,0.1,0.5,5,3,1,3,1,5,,,,,,,,,,,,,,,,,,,
31,7,1,76,0.3,0.1,0.5,6,4,1,4,1,6,,,,,,,,,,,,,,,,,,,
31,7,1,77,0.3,0.1,0.5,1,6,1,6,1,1,,,,,,,,,,,,,,,,,,,
31,7,1,78,0.3,0.1,0.5,1,4,2,4,2,1,,,,,,,,,,,,,,,,,,,
31,7,1,79,0.3,0.1,0.5,1,4,6,4,6,1,,,,,,,,,,,,,,,,,,,
31,7,1,80,0.3,0.1,0.5,6,6,4,6,4,6,,,,,,,,,,,,,,,,,,,
31,7,1,81,0.3,0.1,0.5,5,1,5,1,5,5,,,,,,,,,,,,,,,,,,,
31,7,1,82,0.3,0.1,0.5,4,6,4,6,4,4,,,,,,,,,,,,,,,,,,,
31,7,1,83,0.3,0.1,0.5,6,1,4,1,4,6,8,3,3,6,6,3,3,0,1,1,1,0,1,0,0,1,1,0,0
31,7,1,84,0.3,0.1,0.5,6,6,3,6,3,6,,,,,,,,,,,,,,,,,,,
31,7,1,85,0.3,0.1,0.5,6,1,4,1,4,6,,,,,,,,,,,,,,,,,,,
31,7,1,86,0.3,0.1,0.5,6,6,6,6,6,6,,,,,,,,,,,,,,,,,,,
31,7,1,87,0.3,0.1,0.5,3,6,2,6,2,3,,,,,,,,,,,,,,,,,,,
31,7,1,88,0.3,0.1,0.5,3,3,6,3,6,3,,,,,,,,,,,,,,,,,,,
31,7,1,89,0.3,0.1,0.5,6,2,3,2,3,6,,,,,,,,,,,,,,,,,,,
31,7,1,90,0.3,0.1,0.5,6,3,2,3,2,6,,,,,,,,,,,,,,,,,,,
31,7,1,91,0.3,0.1,0.5,6,4,2,4,2,6,,,,,,,,,,,,,,,,,,,
31,7,1,92,0.3,0.1,0.5,6,3,6,3,6,6,,,,,,,,,,,,,,,,,,,
31,7,1,93,0.3,0.1,0.5,6,6,2,6,2,6,,,,,,,,,,,,,,,,,,,
31,7,1,94,0.3,0.1,0.5,6,4,1,4,1,6,9,0,4,2,2,0,4,0,0,1,1,0,0,0,0,0,0,0,0
31,7,1,95,0.3,0.1,0.5,6,4,2,4,2,6,,,,,,,,,,,,,,,,,,,
31,7,1,96,0.3,0.1,0.5,2,6,2,6,2,2,,,,,,,,,,,,,,,,,,,
31,7,1,97,0.3,0.1,0.5,2,3,1,3,1,2,,,,,,,,,,,,,,,,,,,
31,7,1,98,0.3,0.1,0.5,3,2,0,2,0,3,,,,,,,,,,,,,,,,,,,
31,7,1,99,0.3,0.1,0.5,4,3,0,3,0,4,,,,,,,,,,,,,,,,,,,
31,7,1,100,0.3,0.1,0.5,4,4,1,4,1,4,,,,,,,,,,,,,,,,,,,
31,7,1,101,0.3,0.1,0.5,4,3,0,3,0,4,,,,,,,,,,,,,,,,,,,
31,7,1,102,0.3,0.1,0.5,4,3,1,3,1,4,10,4,3,5,5,4,3,1,0,1,1,1,0,0,0,0,0,0,0
31,7,1,103,0.3,0.1,0.5,4,6,2,6,2,4,,,,,,,,,,,,,,,,,,,
31,7,1,104,0.3,0.1,0.5,4,1,1,1,1,4,,,,,,,,,,,,,,,,,,,
31,7,1,105,0.3,0.1,0.5,4,2,6,2,6,4,,,,,,,,,,,,,,,,,,,
31,7,1,106,0.3,0.1,0.5,4,2,5,2,5,4,,,,,,,,,,,,,,,,,,,
31,7,1,107,0.3,0.1,0.5,5,3,0,3,0,5,,,,,,,,,,,,,,,,,,,
31,7,1,108,0.3,0.1,0.5,5,6,5,6,5,5,,,,,,,,,,,,,,,,,,,
31,7,1,109,0.3,0.1,0.5,5,1,4,1,4,5,,,,,,,,,,,,,,,,,,,
31,7,1,110,0.3,0.1,0.5,4,1,4,1,4,4,,,,,,,,,,,,,,,,,,,
31,7,1,111,0.3,0.1,0.5,6,1,5,1,5,6,,,,,,,,,,,,,,,,,,,
31,7,1,112,0.3,0.1,0.5,3,2,4,2,4,3,,,,,,,,,,,,,,,,,,,
31,7,1,113,0.3,0.1,0.5,6,2,3,2,3,6,,,,,,,,,,,,,,,,,,,
31,7,1,114,0.3,0.1,0.5,4,2,4,2,4,4,,,,,,,,,,,,,,,,,,,
31,7,1,115,0.3,0.1,0.5,6,6,3,6,3,6,,,,,,,,,,,,,,,,,,,
31,7,1,116,0.3,0.1,0.5,6,5,4,5,4,6,11,0,4,3,3,0,4,1,1,1,1,1,1,0,1,0,0,0,1
31,7,1,117,0.3,0.1,0.5,6,5,3,5,3,6,,,,,,,,,,,,,,,,,,,
31,7,1,118,0.3,0.1,0.5,4,0,2,0,2,4,,,,,,,,,,,,,,,,,,,
31,7,1,119,0.3,0.1,0.5,4,6,3,6,3,4,,,,,,,,,,,,,,,,,,,
31,7,1,120,0.3,0.1,0.5,4,1,2,1,2,4,,,,,,,,,,,,,,,,,,,
31,7,1,121,0.3,0.1,0.5,5,6,6,6,6,5,,,,,,,,,,,,,,,,,,,
31,7,1,122,0.3,0.1,0.5,5,0,3,0,3,5,,,,,,,,,,,,,,,,,,,
31,7,1,123,0.3,0.1,0.5,5,6,3,6,3,5,,,,,,,,,,,,,,,,,,,
31,7,1,124,0.3,0.1,0.5,4,6,4,6,4,4,,,,,,,,,,,,,,,,,,,
31,7,1,125,0.3,0.1,0.5,4,5,3,5,3,4,12,0,2,5,5,0,2,1,1,1,1,1,1,0,0,0,0,0,0
31,7,1,126,0.3,0.1,0.5,6,5,4,5,4,6,,,,,,,,,,,,,,,,,,,
31,7,1,127,0.3,0.1,0.5,6,5,5,5,5,6,,,,,,,,,,,,,,,,,,,
31,7,1,128,0.3,0.1,0.5,6,5,0,5,0,6,,,,,,,,,,,,,,,,,,,
31,7,1,129,0.3,0.1,0.5,6,6,0,6,0,6,,,,,,,,,,,,,,,,,,,
31,7,1,130,0.3,0.1,0.5,6,1,5,1,5,6,,,,,,,,,,,,,,,,,,,
31,7,1,131,0.3,0.1,0.5,6,1,6,1,6,6,,,,,,,,,,,,,,,,,,,
31,7,1,132,0.3,0.1,0.5,3,2,2,2,2,3,,,,,,,,,,,,,,,,,,,
31,7,1,133,0.3,0.1,0.5,3,2,6,2,6,3,13,6,3,5,5,6,3,1,1,0,0,1,1,0,0,0,0,0,0
31,7,1,134,0.3,0.1,0.5,3,3,3,3,3,3,,,,,,,,,,,,,,,,,,,
31,7,1,135,0.3,0.1,0.5,4,4,2,4,2,4,,,,,,,,,,,,,,,,,,,
31,7,1,136,0.3,0.1,0.5,6,5,1,5,1,6,,,,,,,,,,,,,,,,,,,
31,7,1,137,0.3,0.1,0.5,6,6,2,6,2,6,,,,,,,,,,,,,,,,,,,
31,7,1,138,0.3,0.1,0.5,2,5,6,5,6,2,,,,,,,,,,,,,,,,,,,
31,7,1,139,0.3,0.1,0.5,2,4,1,4,1,2,,,,,,,,,,,,,,,,,,,
31,7,1,140,0.3,0.1,0.5,3,4,2,4,2,3,,,,,,,,,,,,,,,,,,,
31,7,1,141,0.3,0.1,0.5,6,6,3,6,3,6,,,,,,,,,,,,,,,,,,,
31,7,1,142,0.3,0.1,0.5,5,1,4,1,4,5,,,,,,,,,,,,,,,,,,,
31,7,1,143,0.3,0.1,0.5,4,6,3,6,3,4,,,,,,,,,,,,,,,,,,,
31,7,1,144,0.3,0.1,0.5,4,5,2,5,2,4,14,3,4,1,1,3,4,0,0,0,0,0,0,0,0,0,0,0,0
31,7,1,145,0.3,0.1,0.5,5,0,6,0,6,5,,,,,,,,,,,,,,,,,,,
31,7,1,146,0.3,0.1,0.5,5,0,3,0,3,5,,,,,,,,,,,,,,,,,,,
31,7,1,147,0.3,0.1,0.5,6,5,6,5,6,6,,,,,,,,,,,,,,,,,,,
31,7,1,148,0.3,0.1,0.5,0,6,4,6,4,0,,,,,,,,,,,,,,,,,,,
31,7,1,149,0.3,0.1,0.5,0,6,5,6,5,0,,,,,,,,,,,,,,,,,,,
31,7,1,150,0.3,0.1,0.5,0,6,5,6,5,0,,,,,,,,,,,,,,,,,,,
31,7,1,151,0.3,0.1,0.5,5,4,0,4,0,5,,,,,,,,,,,,,,,,,,,
31,7,1,152,0.3,0.1,0.5,4,5,0,5,0,4,,,,,,,,,,,,,,,,,,,
31,7,1,153,0.3,0.1,0.5,5,6,6,6,6,5,15,6,0,6,6,6,0,1,1,1,1,1,1,1,0,0,0,1,0
31,7,1,154,0.3,0.1,0.5,6,1,3,1,3,6,,,,,,,,,,,,,,,,,,,
31,7,1,155,0.3,0.1,0.5,0,2,6,2,6,0,,,,,,,,,,,,,,,,,,,
31,7,1,156,0.3,0.1,0.5,0,6,0,6,0,0,,,,,,,,,,,,,,,,,,,
31,7,1,157,0.3,0.1,0.5,5,2,1,2,1,5,,,,,,,,,,,,,,,,,,,
31,7,1,158,0.3,0.1,0.5,6,3,2,3,2,6,,,,,,,,,,,,,,,,,,,
31,7,1,159,0.3,0.1,0.5,0,4,6,4,6,0,,,,,,,,,,,,,,,,,,,
31,7,1,160,0.3,0.1,0.5,0,5,5,5,5,0,,,,,,,,,,,,,,,,,,,
31,7,1,161,0.3,0.1,0.5,0,6,0,6,0,0,,,,,,,,,,,,,,,,,,,
31,7,1,162,0.3,0.1,0.5,6,2,6,2,6,6,,,,,,,,,,,,,,,,,,,
31,7,1,163,0.3,0.1,0.5,3,2,6,2,6,3,,,,,,,,,,,,,,,,,,,
31,7,1,164,0.3,0.1,0.5,3,3,1,3,1,3,,,,,,,,,,,,,,,,,,,
31,7,1,165,0.3,0.1,0.5,4,3,0,3,0,4,16,6,2,6,6,6,2,1,0,1,1,1,0,0,0,0,0,0,0
31,7,1,166,0.3,0.1,0.5,5,6,1,6,1,5,,,,,,,,,,,,,,,,,,,
31,7,1,167,0.3,0.1,0.5,5,6,1,6,1,5,,,,,,,,,,,,,,,,,,,
31,7,1,168,0.3,0.1,0.5,6,6,0,6,0,6,,,,,,,,,,,,,,,,,,,
31,7,1,169,0.3,0.1,0.5,3,6,5,6,5,3,,,,,,,,,,,,,,,,,,,
31,7,1,170,0.3,0.1,0.5,3,4,0,4,0,3,,,,,,,,,,,,,,,,,,,
31,7,1,171,0.3,0.1,0.5,3,3,6,3,6,3,17,2,3,6,6,2,3,1,1,1,1,1,1,0,0,0,0,0,0
31,7,1,172,0.3,0.1,0.5,3,6,5,6,5,3,,,,,,,,,,,,,,,,,,,
31,7,1,173,0.3,0.1,0.5,6,3,6,3,6,6,,,,,,,,,,,,,,,,,,,
31,7,1,174,0.3,0.1,0.5,2,2,1,2,1,2,,,,,,,,,,,,,,,,,,,
31,7,1,175,0.3,0.1,0.5,2,6,2,6,2,2,,,,,,,,,,,,,,,,,,,
31,7,1,176,0.3,0.1,0.5,6,2,6,2,6,6,,,,,,,,,,,,,,,,,,,
31,7,1,177,0.3,0.1,0.5,3,6,2,6,2,3,,,,,,,,,,,,,,,,,,,
31,7,1,178,0.3,0.1,0.5,4,4,2,4,2,4,,,,,,,,,,,,,,,,,,,
31,7,1,179,0.3,0.1,0.5,5,6,2,6,2,5,,,,,,,,,,,,,,,,,,,
31,7,1,180,0.3,0.1,0.5,5,6,6,6,6,5,,,,,,,,,,,,,,,,,,,
31,7,1,181,0.3,0.1,0.5,6,4,4,4,4,6,,,,,,,,,,,,,,,,,,,
31,7,1,182,0.3,0.1,0.5,5,6,5,6,5,5,,,,,,,,,,,,,,,,,,,
31,7,1,183,0.3,0.1,0.5,5,1,4,1,4,5,,,,,,,,,,,,,,,,,,,
31,7,1,184,0.3,0.1,0.5,5,6,5,6,5,5,,,,,,,,,,,,,,,,,,,
31,7,1,185,0.3,0.1,0.5,6,1,6,1,6,6,18,4,4,1,1,4,4,0,1,1,1,0,1,0,0,0,0,0,0
31,7,1,186,0.3,0.1,0.5,6,1,3,1,3,6,,,,,,,,,,,,,,,,,,,
31,7,1,187,0.3,0.1,0.5,6,6,6,6,6,6,,,,,,,,,,,,,,,,,,,
31,7,1,188,0.3,0.1,0.5,6,6,3,6,3,6,,,,,,,,,,,,,,,,,,,
31,7,1,189,0.3,0.1,0.5,6,0,6,0,6,6,,,,,,,,,,,,,,,,,,,
31,7,1,190,0.3,0.1,0.5,6,0,1,0,1,6,,,,,,,,,,,,,,,,,,,
31,7,1,191,0.3,0.1,0.5,6,6,6,6,6,6,,,,,,,,,,,,,,,,,,,
31,7,1,192,0.3,0.1,0.5,4,5,2,5,2,4,,,,,,,,,,,,,,,,,,,
31,7,1,193,0.3,0.1,0.5,6,5,1,5,1,6,,,,,,,,,,,,,,,,,,,
31,7,1,194,0.3,0.1,0.5,6,6,0,6,0,6,,,,,,,,,,,,,,,,,,,
31,7,1,195,0.3,0.1,0.5,3,2,1,2,1,3,,,,,,,,,,,,,,,,,,,
31,7,1,196,0.3,0.1,0.5,3,3,1,3,1,3,,,,,,,,,,,,,,,,,,,
31,7,1,197,0.3,0.1,0.5,3,6,2,6,2,3,,,,,,,,,,,,,,,,,,,
31,7,1,198,0.3,0.1,0.5,3,2,1,2,1,3,,,,,,,,,,,,,,,,,,,
31,7,1,199,0.3,0.1,0.5,3,2,2,2,2,3,,,,,,,,,,,,,,,,,,,
31,7,1,200,0.3,0.1,0.5,4,3,1,3,1,4,,,,,,,,,,,,,,,,,,,
31,8,1,1,0.3,0.1,0.5,1,3,1,3,1,1,,,,,,,,,,,,,,,,,,,
31,8,1,2,0.3,0.1,0.5,1,6,6,6,6,1,,,,,,,,,,,,,,,,,,,
31,8,1,3,0.3,0.1,0.5,1,1,2,1,2,1,,,,,,,,,,,,,,,,,,,
31,8,1,4,0.3,0.1,0.5,1,0,3,0,3,1,,,,,,,,,,,,,,,,,,,
31,8,1,5,0.3,0.1,0.5,1,0,6,0,6,1,,,,,,,,,,,,,,,,,,,
31,8,1,6,0.3,0.1,0.5,6,6,4,6,4,6,,,,,,,,,,,,,,,,,,,
31,8,1,7,0.3,0.1,0.5,4,5,6,5,6,4,,,,,,,,,,,,,,,,,,,
31,8,1,8,0.3,0.1,0.5,6,6,1,6,1,6,,,,,,,,,,,,,,,,,,,
31,8,1,9,0.3,0.1,0.5,6,3,2,3,2,6,,,,,,,,,,,,,,,,,,,
31,8,1,10,0.3,0.1,0.5,6,3,3,3,3,6,,,,,,,,,,,,,,,,,,,
31,8,1,11,0.3,0.1,0.5,4,4,6,4,6,4,,,,,,,,,,,,,,,,,,,
31,8,1,12,0.3,0.1,0.5,6,6,4,6,4,6,1,6,3,6,6,6,3,1,1,1,1,1,1,1,0,1,1,1,0
31,8,1,13,0.3,0.1,0.5,5,6,3,6,3,5,,,,,,,,,,,,,,,,,,,
31,8,1,14,0.3,0.1,0.5,5,6,3,6,3,5,,,,,,,,,,,,,,,,,,,
31,8,1,15,0.3,0.1,0.5,5,3,2,3,2,5,,,,,,,,,,,,,,,,,,,
31,8,1,16,0.3,0.1,0.5,5,3,1,3,1,5,,,,,,,,,,,,,,,,,,,
31,8,1,17,0.3,0.1,0.5,6,3,2,3,2,6,,,,,,,,,,,,,,,,,,,
31,8,1,18,0.3,0.1,0.5,2,6,3,6,3,2,,,,,,,,,,,,,,,,,,,
31,8,1,19,0.3,0.1,0.5,6,5,6,5,6,6,,,,,,,,,,,,,,,,,,,
31,8,1,20,0.3,0.1,0.5,6,5,4,5,4,6,,,,,,,,,,,,,,,,,,,
31,8,1,21,0.3,0.1,0.5,6,5,5,5,5,6,,,,,,,,,,,,,,,,,,,
31,8,1,22,0.3,0.1,0.5,4,6,6,6,6,4,,,,,,,,,,,,,,,,,,,
31,8,1,23,0.3,0.1,0.5,4,5,5,5,5,4,2,4,1,5,5,4,1,1,0,1,1,1,0,0,0,0,0,0,0
31,8,1,24,0.3,0.1,0.5,4,4,0,4,0,4,,,,,,,,,,,,,,,,,,,
31,8,1,25,0.3,0.1,0.5,4,6,0,6,0,4,,,,,,,,,,,,,,,,,,,
31,8,1,26,0.3,0.1,0.5,4,1,6,1,6,4,,,,,,,,,,,,,,,,,,,
31,8,1,27,0.3,0.1,0.5,4,2,1,2,1,4,,,,,,,,,,,,,,,,,,,
31,8,1,28,0.3,0.1,0.5,6,1,2,1,2,6,,,,,,,,,,,,,,,,,,,
31,8,1,29,0.3,0.1,0.5,1,2,6,2,6,1,,,,,,,,,,,,,,,,,,,
31,8,1,30,0.3,0.1,0.5,6,2,6,2,6,6,,,,,,,,,,,,,,,,,,,
31,8,1,31,0.3,0.1,0.5,6,3,5,3,5,6,,,,,,,,,,,,,,,,,,,
31,8,1,32,0.3,0.1,0.5,0,4,0,4,0,0,,,,,,,,,,,,,,,,,,,
31,8,1,33,0.3,0.1,0.5,0,6,1,6,1,0,3,2,4,2,2,2,4,1,0,0,0,1,0,0,0,0,0,0,0
31,8,1,34,0.3,0.1,0.5,0,2,6,2,6,0,,,,,,,,,,,,,,,,,,,
31,8,1,35,0.3,0.1,0.5,0,2,4,2,4,0,,,,,,,,,,,,,,,,,,,
31,8,1,36,0.3,0.1,0.5,0,1,4,1,4,0,,,,,,,,,,,,,,,,,,,
31,8,1,37,0.3,0.1,0.5,5,6,3,6,3,5,,,,,,,,,,,,,,,,,,,
31,8,1,38,0.3,0.1,0.5,6,6,2,6,2,6,,,,,,,,,,,,,,,,,,,
31,8,1,39,0.3,0.1,0.5,6,1,6,1,6,6,,,,,,,,,,,,,,,,,,,
31,8,1,40,0.3,0.1,0.5,5,1,5,1,5,5,,,,,,,,,,,,,,,,,,,
31,8,1,41,0.3,0.1,0.5,5,2,6,2,6,5,,,,,,,,,,,,,,,,,,,
31,8,1,42,0.3,0.1,0.5,4,3,2,3,2,4,,,,,,,,,,,,,,,,,,,
31,8,1,43,0.3,0.1,0.5,5,4,3,4,3,5,,,,,,,,,,,,,,,,,,,
31,8,1,44,0.3,0.1,0.5,4,4,4,4,4,4,4,6,1,5,5,6,1,1,0,1,1,1,0,0,0,0,0,0,0
31,8,1,45,0.3,0.1,0.5,6,5,3,5,3,6,,,,,,,,,,,,,,,,,,,
31,8,1,46,0.3,0.1,0.5,3,6,4,6,4,3,,,,,,,,,,,,,,,,,,,
31,8,1,47,0.3,0.1,0.5,3,2,6,2,6,3,,,,,,,,,,,,,,,,,,,
31,8,1,48,0.3,0.1,0.5,4,1,2,1,2,4,,,,,,,,,,,,,,,,,,,
31,8,1,49,0.3,0.1,0.5,6,1,2,1,2,6,,,,,,,,,,,,,,,,,,,
31,8,1,50,0.3,0.1,0.5,0,2,1,2,1,0,,,,,,,,,,,,,,,,,,,
31,8,1,51,0.3,0.1,0.5,0,3,0,3,0,0,,,,,,,,,,,,,,,,,,,
31,8,1,52,0.3,0.1,0.5,0,4,5,4,5,0,,,,,,,,,,,,,,,,,,,
31,8,1,53,0.3,0.1,0.5,6,5,4,5,4,6,,,,,,,,,,,,,,,,,,,
31,8,1,54,0.3,0.1,0.5,6,6,6,6,6,6,5,1,4,4,4,1,4,1,1,1,1,1,1,0,0,0,0,0,0
31,8,1,55,0.3,0.1,0.5,6,6,3,6,3,6,,,,,,,,,,,,,,,,,,,
31,8,1,56,0.3,0.1,0.5,2,4,2,4,2,2,,,,,,,,,,,,,,,,,,,
31,8,1,57,0.3,0.1,0.5,6,4,1,4,1,6,,,,,,,,,,,,,,,,,,,
31,8,1,58,0.3,0.1,0.5,6,4,2,4,2,6,,,,,,,,,,,,,,,,,,,
31,8,1,59,0.3,0.1,0.5,6,6,6,6,6,6,,,,,,,,,,,,,,,,,,,
31,8,1,60,0.3,0.1,0.5,6,4,4,4,4,6,,,,,,,,,,,,,,,,,,,
31,8,1,61,0.3,0.1,0.5,6,4,5,4,5,6,,,,,,,,,,,,,,,,,,,
31,8,1,62,0.3,0.1,0.5,6,3,0,3,0,6,6,6,4,1,1,6,4,1,0,1,1,1,0,0,0,0,0,0,0
31,8,1,63,0.3,0.1,0.5,6,4,5,4,5,6,,,,,,,,,,,,,,,,,,,
31,8,1,64,0.3,0.1,0.5,6,4,4,4,4,6,,,,,,,,,,,,,,,,,,,
31,8,1,65,0.3,0.1,0.5,6,4,6,4,6,6,,,,,,,,,,,,,,,,,,,
31,8,1,66,0.3,0.1,0.5,0,4,2,4,2,0,,,,,,,,,,,,,,,,,,,
31,8,1,67,0.3,0.1,0.5,5,6,1,6,1,5,,,,,,,,,,,,,,,,,,,
31,8,1,68,0.3,0.1,0.5,4,1,1,1,1,4,,,,,,,,,,,,,,,,,,,
31,8,1,69,0.3,0.1,0.5,6,2,6,2,6,6,,,,,,,,,,,,,,,,,,,
31,8,1,70,0.3,0.1,0.5,2,6,3,6,3,2,,,,,,,,,,,,,,,,,,,
31,8,1,71,0.3,0.1,0.5,3,3,6,3,6,3,,,,,,,,,,,,,,,,,,,
31,8,1,72,0.3,0.1,0.5,4,4,1,4,1,4,7,6,4,4,4,6,4,1,0,1,1,1,0,0,0,1,1,0,0
31,8,1,73,0.3,0.1,0.5,4,4,2,4,2,4,,,,,,,,,,,,,,,,,,,
31,8,1,74,0.3,0.1,0.5,6,5,6,5,6,6,,,,,,,,,,,,,,,,,,,
31,8,1,75,0.3,0.1,0.5,6,4,4,4,4,6,,,,,,,,,,,,,,,,,,,
31,8,1,76,0.3,0.1,0.5,6,5,6,5,6,6,,,,,,,,,,,,,,,,,,,
31,8,1,77,0.3,0.1,0.5,3,5,4,5,4,3,,,,,,,,,,,,,,,,,,,
31,8,1,78,0.3,0.1,0.5,6,5,5,5,5,6,,,,,,,,,,,,,,,,,,,
31,8,1,79,0.3,0.1,0.5,6,5,4,5,4,6,,,,,,,,,,,,,,,,,,,
31,8,1,80,0.3,0.1,0.5,6,4,3,4,3,6,,,,,,,,,,,,,,,,,,,
31,8,1,81,0.3,0.1,0.5,6,5,6,5,6,6,,,,,,,,,,,,,,,,,,,
31,8,1,82,0.3,0.1,0.5,0,5,0,5,0,0,,,,,,,,,,,,,,,,,,,
31,8,1,83,0.3,0.1,0.5,5,4,5,4,5,5,,,,,,,,,,,,,,,,,,,
31,8,1,84,0.3,0.1,0.5,4,3,4,3,4,4,,,,,,,,,,,,,,,,,,,
31,8,1,85,0.3,0.1,0.5,4,3,3,3,3,4,,,,,,,,,,,,,,,,,,,
31,8,1,86,0.3,0.1,0.5,4,6,4,6,4,4,8,0,2,3,3,0,2,1,0,1,1,1,0,0,0,0,0,0,0
31,8,1,87,0.3,0.1,0.5,4,3,6,3,6,4,,,,,,,,,,,,,,,,,,,
31,8,1,88,0.3,0.1,0.5,6,3,6,3,6,6,,,,,,,,,,,,,,,,,,,
31,8,1,89,0.3,0.1,0.5,0,6,4,6,4,0,,,,,,,,,,,,,,,,,,,
31,8,1,90,0.3,0.1,0.5,5,6,4,6,4,5,,,,,,,,,,,,,,,,,,,
31,8,1,91,0.3,0.1,0.5,5,6,5,6,5,5,,,,,,,,,,,,,,,,,,,
31,8,1,92,0.3,0.1,0.5,5,1,6,1,6,5,,,,,,,,,,,,,,,,,,,
31,8,1,93,0.3,0.1,0.5,6,0,2,0,2,6,,,,,,,,,,,,,,,,,,,
31,8,1,94,0.3,0.1,0.5,4,5,3,5,3,4,,,,,,,,,,,,,,,,,,,
31,8,1,95,0.3,0.1,0.5,5,4,2,4,2,5,9,0,3,6,6,0,3,0,1,1,1,0,1,0,0,0,0,0,0
31,8,1,96,0.3,0.1,0.5,5,6,1,6,1,5,,,,,,,,,,,,,,,,,,,
31,8,1,97,0.3,0.1,0.5,6,6,2,6,2,6,,,,,,,,,,,,,,,,,,,
31,8,1,98,0.3,0.1,0.5,6,6,3,6,3,6,,,,,,,,,,,,,,,,,,,
31,8,1,99,0.3,0.1,0.5,6,1,6,1,6,6,,,,,,,,,,,,,,,,,,,
31,8,1,100,0.3,0.1,0.5,4,1,0,1,0,4,,,,,,,,,,,,,,,,,,,
31,8,1,101,0.3,0.1,0.5,4,2,5,2,5,4,,,,,,,,,,,,,,,,,,,
31,8,1,102,0.3,0.1,0.5,4,3,6,3,6,4,,,,,,,,,,,,,,,,,,,
31,8,1,103,0.3,0.1,0.5,6,6,0,6,0,6,,,,,,,,,,,,,,,,,,,
31,8,1,104,0.3,0.1,0.5,3,6,0,6,0,3,,,,,,,,,,,,,,,,,,,
31,8,1,105,0.3,0.1,0.5,3,0,6,0,6,3,10,5,0,2,2,5,0,1,1,1,1,1,1,0,0,0,0,0,0
31,8,1,106,0.3,0.1,0.5,3,0,4,0,4,3,,,,,,,,,,,,,,,,,,,
31,8,1,107,0.3,0.1,0.5,3,6,6,6,6,3,,,,,,,,,,,,,,,,,,,
31,8,1,108,0.3,0.1,0.5,4,6,4,6,4,4,,,,,,,,,,,,,,,,,,,
31,8,1,109,0.3,0.1,0.5,4,3,5,3,5,4,,,,,,,,,,,,,,,,,,,
31,8,1,110,0.3,0.1,0.5,4,3,6,3,6,4,,,,,,,,,,,,,,,,,,,
31,8,1,111,0.3,0.1,0.5,4,3,2,3,2,4,,,,,,,,,,,,,,,,,,,
31,8,1,112,0.3,0.1,0.5,4,4,3,4,3,4,,,,,,,,,,,,,,,,,,,
31,8,1,113,0.3,0.1,0.5,4,6,3,6,3,4,,,,,,,,,,,,,,,,,,,
31,8,1,114,0.3,0.1,0.5,6,1,2,1,2,6,,,,,,,,,,,,,,,,,,,
31,8,1,115,0.3,0.1,0.5,0,6,6,6,6,0,,,,,,,,,,,,,,,,,,,
31,8,1,116,0.3,0.1,0.5,0,5,2,5,2,0,11,0,5,4,4,0,5,1,0,0,0,1,0,0,0,0,0,0,0
31,8,1,117,0.3,0.1,0.5,6,4,6,4,6,6,,,,,,,,,,,,,,,,,,,
31,8,1,118,0.3,0.1,0.5,0,4,3,4,3,0,,,,,,,,,,,,,,,,,,,
31,8,1,119,0.3,0.1,0.5,6,6,4,6,4,6,,,,,,,,,,,,,,,,,,,
31,8,1,120,0.3,0.1,0.5,3,4,5,4,5,3,,,,,,,,,,,,,,,,,,,
31,8,1,121,0.3,0.1,0.5,3,4,5,4,5,3,12,1,3,1,1,1,3,0,0,0,0,0,0,0,0,0,0,0,0
31,8,1,122,0.3,0.1,0.5,3,5,0,5,0,3,,,,,,,,,,,,,,,,,,,
31,8,1,123,0.3,0.1,0.5,6,5,6,5,6,6,,,,,,,,,,,,,,,,,,,
31,8,1,124,0.3,0.1,0.5,2,6,0,6,0,2,,,,,,,,,,,,,,,,,,,
31,8,1,125,0.3,0.1,0.5,3,6,6,6,6,3,,,,,,,,,,,,,,,,,,,
31,8,1,126,0.3,0.1,0.5,3,4,6,4,6,3,,,,,,,,,,,,,,,,,,,
31,8,1,127,0.3,0.1,0.5,3,3,2,3,2,3,,,,,,,,,,,,,,,,,,,
31,8,1,128,0.3,0.1,0.5,3,4,3,4,3,3,,,,,,,,,,,,,,,,,,,
31,8,1,129,0.3,0.1,0.5,3,5,2,5,2,3,,,,,,,,,,,,,,,,,,,
31,8,1,130,0.3,0.1,0.5,3,5,6,5,6,3,,,,,,,,,,,,,,,,,,,
31,8,1,131,0.3,0.1,0.5,3,5,1,5,1,3,,,,,,,,,,,,,,,,,,,
31,8,1,132,0.3,0.1,0.5,4,6,1,6,1,4,,,,,,,,,,,,,,,,,,,
31,8,1,133,0.3,0.1,0.5,5,6,6,6,6,5,,,,,,,,,,,,,,,,,,,
31,8,1,134,0.3,0.1,0.5,4,0,6,0,6,4,13,5,1,3,3,5,1,1,1,1,1,1,1,0,0,0,0,0,0
31,8,1,135,0.3,0.1,0.5,6,5,4,5,4,6,,,,,,,,,,,,,,,,,,,
31,8,1,136,0.3,0.1,0.5,6,6,5,6,5,6,,,,,,,,,,,,,,,,,,,
31,8,1,137,0.3,0.1,0.5,6,6,4,6,4,6,,,,,,,,,,,,,,,,,,,
31,8,1,138,0.3,0.1,0.5,1,0,4,0,4,1,,,,,,,,,,,,,,,,,,,
31,8,1,139,0.3,0.1,0.5,6,1,3,1,3,6,,,,,,,,,,,,,,,,,,,
31,8,1,140,0.3,0.1,0.5,6,2,2,2,2,6,,,,,,,,,,,,,,,,,,,
31,8,1,141,0.3,0.1,0.5,4,6,1,6,1,4,14,5,1,4,4,5,1,1,1,1,1,1,1,0,1,1,1,0,1
31,8,1,142,0.3,0.1,0.5,5,4,6,4,6,5,,,,,,,,,,,,,,,,,,,
31,8,1,143,0.3,0.1,0.5,6,5,1,5,1,6,,,,,,,,,,,,,,,,,,,
31,8,1,144,0.3,0.1,0.5,3,5,1,5,1,3,,,,,,,,,,,,,,,,,,,
31,8,1,145,0.3,0.1,0.5,3,6,6,6,6,3,,,,,,,,,,,,,,,,,,,
31,8,1,146,0.3,0.1,0.5,4,4,1,4,1,4,,,,,,,,,,,,,,,,,,,
31,8,1,147,0.3,0.1,0.5,6,5,0,5,0,6,,,,,,,,,,,,,,,,,,,
31,8,1,148,0.3,0.1,0.5,0,4,5,4,5,0,,,,,,,,,,,,,,,,,,,
31,8,1,149,0.3,0.1,0.5,0,3,4,3,4,0,,,,,,,,,,,,,,,,,,,
31,8,1,150,0.3,0.1,0.5,6,2,5,2,5,6,,,,,,,,,,,,,,,,,,,
31,8,1,151,0.3,0.1,0.5,5,3,6,3,6,5,15,5,6,4,4,5,6,0,1,1,1,0,1,0,1,0,0,0,1
31,8,1,152,0.3,0.1,0.5,4,6,6,6,6,4,,,,,,,,,,,,,,,,,,,
31,8,1,153,0.3,0.1,0.5,4,1,1,1,1,4,,,,,,,,,,,,,,,,,,,
31,8,1,154,0.3,0.1,0.5,6,2,2,2,2,6,,,,,,,,,,,,,,,,,,,
31,8,1,155,0.3,0.1,0.5,6,2,1,2,1,6,,,,,,,,,,,,,,,,,,,
31,8,1,156,0.3,0.1,0.5,0,2,2,2,2,0,,,,,,,,,,,,,,,,,,,
31,8,1,157,0.3,0.1,0.5,5,3,1,3,1,5,,,,,,,,,,,,,,,,,,,
31,8,1,158,0.3,0.1,0.5,5,4,2,4,2,5,,,,,,,,,,,,,,,,,,,
31,8,1,159,0.3,0.1,0.5,6,5,3,5,3,6,,,,,,,,,,,,,,,,,,,
31,8,1,160,0.3,0.1,0.5,6,5,2,5,2,6,,,,,,,,,,,,,,,,,,,
31,8,1,161,0.3,0.1,0.5,6,5,3,5,3,6,16,1,2,5,5,1,2,0,1,1,1,0,1,0,0,0,0,0,0
31,8,1,162,0.3,0.1,0.5,6,6,6,6,6,6,,,,,,,,,,,,,,,,,,,
31,8,1,163,0.3,0.1,0.5,1,6,1,6,1,1,,,,,,,,,,,,,,,,,,,
31,8,1,164,0.3,0.1,0.5,1,0,1,0,1,1,,,,,,,,,,,,,,,,,,,
31,8,1,165,0.3,0.1,0.5,1,5,6,5,6,1,,,,,,,,,,,,,,,,,,,
31,8,1,166,0.3,0.1,0.5,1,6,0,6,0,1,,,,,,,,,,,,,,,,,,,
31,8,1,167,0.3,0.1,0.5,1,6,1,6,1,1,,,,,,,,,,,,,,,,,,,
31,8,1,168,0.3,0.1,0.5,6,0,1,0,1,6,,,,,,,,,,,,,,,,,,,
31,8,1,169,0.3,0.1,0.5,6,5,6,5,6,6,,,,,,,,,,,,,,,,,,,
31,8,1,170,0.3,0.1,0.5,6,5,1,5,1,6,,,,,,,,,,,,,,,,,,,
31,8,1,171,0.3,0.1,0.5,6,5,2,5,2,6,,,,,,,,,,,,,,,,,,,
31,8,1,172,0.3,0.1,0.5,6,5,6,5,6,6,,,,,,,,,,,,,,,,,,,
31,8,1,173,0.3,0.1,0.5,6,5,0,5,0,6,,,,,,,,,,,,,,,,,,,
31,8,1,174,0.3,0.1,0.5,6,4,6,4,6,6,17,5,6,3,3,5,6,1,1,1,1,1,1,0,1,0,0,0,1
31,8,1,175,0.3,0.1,0.5,6,3,0,3,0,6,,,,,,,,,,,,,,,,,,,
31,8,1,176,0.3,0.1,0.5,5,6,0,6,0,5,,,,,,,,,,,,,,,,,,,
31,8,1,177,0.3,0.1,0.5,5,4,5,4,5,5,,,,,,,,,,,,,,,,,,,
31,8,1,178,0.3,0.1,0.5,6,4,0,4,0,6,,,,,,,,,,,,,,,,,,,
31,8,1,179,0.3,0.1,0.5,2,3,1,3,1,2,,,,,,,,,,,,,,,,,,,
31,8,1,180,0.3,0.1,0.5,6,3,1,3,1,6,,,,,,,,,,,,,,,,,,,
31,8,1,181,0.3,0.1,0.5,6,6,2,6,2,6,,,,,,,,,,,,,,,,,,,
31,8,1,182,0.3,0.1,0.5,5,4,3,4,3,5,,,,,,,,,,,,,,,,,,,
31,8,1,183,0.3,0.1,0.5,5,3,4,3,4,5,,,,,,,,,,,,,,,,,,,
31,8,1,184,0.3,0.1,0.5,5,3,6,3,6,5,,,,,,,,,,,,,,,,,,,
31,8,1,185,0.3,0.1,0.5,6,6,5,6,5,6,,,,,,,,,,,,,,,,,,,
31,8,1,186,0.3,0.1,0.5,6,1,0,1,0,6,18,3,2,5,5,3,2,0,0,1,1,0,0,0,0,0,0,0,0
31,8,1,187,0.3,0.1,0.5,5,2,6,2,6,5,,,,,,,,,,,,,,,,,,,
31,8,1,188,0.3,0.1,0.5,4,6,2,6,2,4,,,,,,,,,,,,,,,,,,,
31,8,1,189,0.3,0.1,0.5,5,0,2,0,2,5,,,,,,,,,,,,,,,,,,,
31,8,1,190,0.3,0.1,0.5,4,1,2,1,2,4,,,,,,,,,,,,,,,,,,,
31,8,1,191,0.3,0.1,0.5,6,0,2,0,2,6,,,,,,,,,,,,,,,,,,,
31,8,1,192,0.3,0.1,0.5,2,5,2,5,2,2,,,,,,,,,,,,,,,,,,,
31,8,1,193,0.3,0.1,0.5,6,5,3,5,3,6,,,,,,,,,,,,,,,,,,,
31,8,1,194,0.3,0.1,0.5,6,5,6,5,6,6,,,,,,,,,,,,,,,,,,,
31,8,1,195,0.3,0.1,0.5,6,4,0,4,0,6,,,,,,,,,,,,,,,,,,,
31,8,1,196,0.3,0.1,0.5,6,6,1,6,1,6,,,,,,,,,,,,,,,,,,,
31,8,1,197,0.3,0.1,0.5,6,5,0,5,0,6,,,,,,,,,,,,,,,,,,,
31,8,1,198,0.3,0.1,0.5,6,5,5,5,5,6,,,,,,,,,,,,,,,,,,,
31,8,1,199,0.3,0.1,0.5,6,4,6,4,6,6,,,,,,,,,,,,,,,,,,,
31,8,1,200,0.3,0.1,0.5,6,5,6,5,6,6,,,,,,,,,,,,,,,,,,,
